,0,0,1,2,3,4,5,0,0
0,2021-08-31,45.229,0.0,0.0,0.0,0.0,0.0,69.17133127083596,101.085915
1,2021-09-01,39.306,11.4,7.2,0.0,0.2,0.0,48.22775997245356,73.866425
2,2021-09-02,27.405,9.4,6.8,0.0,0.0,0.0,48.247117949453994,79.39573
3,2021-09-03,27.416,0.0,1.1,0.0,0.0,0.0,48.23479923681735,83.479576
4,2021-09-04,27.409,0.0,0.5,0.0,0.0,0.0,37.13211951902099,78.90996
5,2021-09-05,21.1,0.6,0.0,0.7,0.5,0.0,35.988239059904224,71.8701
6,2021-09-06,20.45,4.6,14.9,13.5,14.8,19.8,57.00748245019743,74.42693
7,2021-09-07,32.394,0.0,0.3,0.0,0.0,0.0,88.54514661609198,107.42305
8,2021-09-08,50.315,0.0,0.0,0.4,0.0,6.1,66.98915931805938,83.80286
9,2021-09-09,38.066,0.0,3.9,0.0,0.0,2.2,69.08158065019758,80.54918
10,2021-09-10,39.255,0.0,0.0,0.0,0.0,0.0,52.29293514254543,81.488716
11,2021-09-11,29.715,4.9,0.0,24.6,24.7,1.7,62.78847830896444,106.053
12,2021-09-12,35.679,56.900000000000006,0.6,3.3,7.0,0.0,157.52817756519642,135.54059
13,2021-09-13,89.514,34.4,8.2,2.5000000000000004,3.7,6.2,295.1475556934884,139.05273
14,2021-09-14,167.715,2.8,2.4,3.2,1.9,1.5,232.47346543043562,210.38618
15,2021-09-15,132.101,23.4,6.0,2.0,3.5,2.4,169.1887189838236,178.24039
16,2021-09-16,96.14,42.9,4.5,0.0,0.0,0.3,137.43459743874234,154.31505
17,2021-09-17,78.096,0.0,2.3,10.000000000000002,13.0,11.2,148.24514768544117,159.72505
18,2021-09-18,84.239,0.0,6.900000000000001,3.2,1.5,0.4,212.59458286707726,166.48651
19,2021-09-19,120.805,0.0,2.4,0.0,0.0,0.0,191.57006002851122,160.64159
20,2021-09-20,108.858,0.0,0.0,0.0,0.0,0.0,148.8223673632724,149.05981
21,2021-09-21,84.567,0.0,0.0,0.0,0.0,0.0,116.79899395627596,130.44533
22,2021-09-22,66.37,37.7,18.1,2.9,3.8,1.4,106.09579249112498,116.69361
23,2021-09-23,60.288,2.1,9.0,0.7,1.1,2.2,116.9116221860967,132.74054
24,2021-09-24,66.434,0.0,0.0,0.0,0.0,0.0,95.40842937079256,127.610466
25,2021-09-25,54.215,0.0,0.0,0.0,0.0,0.1,84.70698772173253,109.136536
26,2021-09-26,48.134,10.5,0.2,3.2,2.5,5.5,73.88235894630606,98.020584
27,2021-09-27,41.983,0.8,0.0,0.0,0.0,0.0,63.041891826061075,98.388336
28,2021-09-28,35.823,0.0,0.0,0.0,0.0,0.0,63.06828906742531,83.463715
29,2021-09-29,35.838,0.5,0.0,0.0,0.0,0.0,63.050690906515825,80.34583
30,2021-09-30,35.828,0.0,0.0,0.0,0.0,0.0,41.46654655102803,78.83208
31,2021-10-01,23.563,0.0,0.0,0.0,0.0,0.0,41.452468022300444,69.3037
32,2021-10-02,23.555,0.0,0.0,0.0,0.0,0.0,52.34748944136485,66.66998
33,2021-10-03,29.746,0.0,0.0,0.0,0.0,0.0,41.51758121766555,69.377365
34,2021-10-04,23.592,0.0,0.7,4.6,3.7,0.0,41.57565514866686,69.699974
35,2021-10-05,23.625,0.0,0.0,0.0,0.0,0.0,41.54573827512073,67.34992
36,2021-10-06,23.608,0.0,0.0,0.0,0.0,0.0,30.75454600542231,63.302895
37,2021-10-07,17.476,0.0,0.0,0.0,0.0,0.0,41.4401493096638,59.927116
38,2021-10-08,23.548000000000002,0.0,0.0,0.0,0.0,0.0,30.69119262614815,62.959866
39,2021-10-09,17.44,0.0,0.0,0.0,0.0,0.0,35.175204025885854,59.118816
40,2021-10-10,19.988,10.9,0.1,0.0,0.0,0.0,24.46144366418918,55.926
41,2021-10-11,13.9,0.1,1.5,0.0,0.5,0.0,35.25791538216045,56.97048
42,2021-10-12,20.035,0.0,0.0,0.0,0.0,0.0,31.78755805080929,60.86966
43,2021-10-13,18.063,0.0,0.0,0.0,0.0,0.0,21.064998608657877,58.902416
44,2021-10-14,11.97,0.0,0.0,0.0,0.0,0.0,21.09491548220401,53.901592
45,2021-10-15,11.987,0.3,0.0,0.0,0.0,0.0,31.8491516139925,52.54887
46,2021-10-16,18.098,0.6,14.3,17.0,14.2,20.2,42.601627929690046,64.90353
47,2021-10-17,24.208,0.0,2.0,0.1,2.9,0.5,42.61922609059954,96.08543
48,2021-10-18,24.218,0.0,0.0,0.0,0.0,0.0,31.891387200175277,63.29211
49,2021-10-19,18.122,0.0,0.0,0.0,0.0,0.0,31.89490683235717,59.708565
50,2021-10-20,18.124,0.0,0.0,0.0,0.0,0.0,31.95474057944944,61.144108
51,2021-10-21,18.158,0.0,0.0,0.0,0.0,0.0,21.240980217752764,61.13456
52,2021-10-22,12.07,0.0,0.0,0.0,0.0,0.0,31.979378004722722,57.01498
53,2021-10-23,18.172,0.0,0.0,0.0,0.0,0.0,21.27793635566269,59.475803
54,2021-10-24,12.091,0.0,0.0,0.0,0.0,0.0,21.355368263664438,55.15552
55,2021-10-25,12.135,0.0,0.0,0.0,0.0,0.0,32.016334142632644,53.560936
56,2021-10-26,18.193,0.0,0.0,0.0,0.0,0.0,10.738397786969955,56.74652
57,2021-10-27,6.102,0.0,0.0,0.0,0.0,0.0,32.08144733799776,49.140617
58,2021-10-28,18.23,0.2,0.0,0.0,0.0,0.0,21.480315206121805,55.25633
59,2021-10-29,12.206,0.0,0.0,1.8,0.0,0.0,21.480315206121805,54.016605
60,2021-10-30,12.206,0.0,0.7,3.9,11.4,6.4,32.1623988781814,55.776226
61,2021-10-31,18.276,0.0,0.0,0.0,0.0,0.0,32.1659185103633,64.42117
62,2021-11-01,18.278,0.0,0.0,0.0,0.0,0.0,10.953095350065716,57.560093
63,2021-11-02,6.224,0.0,0.0,0.0,0.0,0.0,21.60174251639728,51.31538
64,2021-11-03,12.275,0.0,0.0,0.0,0.0,0.0,21.663336079580493,54.14787
65,2021-11-04,12.31,0.0,0.0,0.0,0.0,0.0,21.63517902212531,54.138077
66,2021-11-05,12.294,0.0,0.0,0.0,0.0,0.0,21.721410010581803,53.404953
67,2021-11-06,12.343,0.0,0.0,0.0,0.0,0.0,11.158993832706734,52.829853
68,2021-11-07,6.341,4.1,13.999999999999998,30.2,25.7,23.6,53.472011923481176,71.41813
69,2021-11-08,30.385,0.0,0.0,0.0,0.0,0.0,64.0801833197209,119.04091
70,2021-11-09,36.41299999999999,0.0,0.0,0.2,0.0,0.0,42.91487519387894,70.62942
71,2021-11-10,24.386,0.0,0.0,0.2,0.2,0.1,42.93423317087938,68.80066
72,2021-11-11,24.397,0.0,0.0,0.0,0.0,0.0,42.93423317087938,69.281685
73,2021-11-12,24.397,0.0,0.0,0.0,0.0,0.0,32.3964544182776,68.68821
74,2021-11-13,18.409,0.0,0.0,0.0,0.0,0.0,32.34190011945819,64.402084
75,2021-11-14,18.378,10.4,6.2,0.0,0.2,0.0,32.41229276309614,58.105644
76,2021-11-15,18.418,0.0,0.0,0.0,0.0,0.0,42.994066917971644,65.30239
77,2021-11-16,24.431,0.0,0.0,0.0,0.0,0.0,21.91674959667713,66.22356
78,2021-11-17,12.454,0.0,0.0,0.0,0.1,0.0,21.97482352767844,56.983753
79,2021-11-18,12.487,0.0,0.0,0.0,0.0,0.0,32.48620503891599,54.626606
80,2021-11-19,18.46,0.0,0.0,0.0,0.0,0.0,22.00650021731552,57.604343
81,2021-11-20,12.505,0.0,0.0,0.0,0.0,0.0,22.039936723043542,53.824455
82,2021-11-21,12.524,0.0,0.0,0.3,0.0,0.3,22.090971389681062,53.007298
83,2021-11-22,12.553,0.0,0.1,1.4,2.1,1.2,22.103290102317704,54.00262
84,2021-11-23,12.56,0.0,0.0,0.0,0.0,0.0,32.60763234919146,54.04519
85,2021-11-24,18.529,0.0,0.0,0.0,0.0,0.0,22.150805136773325,56.041622
86,2021-11-25,12.587,0.0,0.0,1.1,0.6,0.6,1.1051645051158854,53.84909
87,2021-11-26,0.628,0.0,0.0,1.3,0.9,1.1,22.251114653957412,46.504475
88,2021-11-27,12.644,0.0,0.1,0.0,0.0,0.0,22.273992263139746,52.24347
89,2021-11-28,12.657,0.0,0.0,0.0,0.0,0.0,22.305668952776827,51.951862
90,2021-11-29,12.675,0.0,0.0,0.0,0.0,0.0,22.321507297595364,51.91862
91,2021-11-30,12.684,0.0,0.0,0.0,0.0,0.0,22.453493504416528,52.000004
92,2021-12-01,12.759,42.1,0.0,0.0,0.9,0.1,1.7035019760384984,41.163822
93,2021-12-02,0.968,16.2,0.0,0.0,0.8,0.0,22.439414975688937,47.17183
94,2021-12-03,12.751,0.0,0.0,0.0,0.0,0.0,1.7246197691298846,59.854065
95,2021-12-04,0.98,0.0,0.0,0.0,0.0,0.0,12.162089004547584,51.359493
96,2021-12-05,6.911,0.0,0.0,0.0,0.0,0.0,12.218403119457948,51.55937
97,2021-12-06,6.943,0.0,0.0,0.6,0.0,0.1,12.250079809095029,50.014496
98,2021-12-07,6.961,0.0,0.0,0.0,0.0,0.0,12.313433188369187,47.931023
99,2021-12-08,6.997,0.0,0.0,0.0,0.0,0.0,12.35742859064291,46.785183
100,2021-12-09,7.022,0.0,0.0,0.0,0.0,0.0,14.185877509138775,46.730667
101,2021-12-10,8.061,0.0,0.0,0.0,0.0,0.2,3.9771843655444274,47.509117
102,2021-12-11,2.26,0.0,0.0,0.0,0.0,0.0,4.165484687275956,44.268467
103,2021-12-12,2.367,0.0,0.0,0.0,0.0,0.0,24.841563939834135,43.681366
104,2021-12-13,14.116,0.0,0.0,0.0,0.0,0.0,4.413618756099746,51.11984
105,2021-12-14,2.508,0.0,0.0,0.0,0.0,0.0,14.81589166969847,44.663303
106,2021-12-15,8.419,0.0,0.0,0.0,0.0,0.0,2.8720198604285425,47.154694
107,2021-12-16,1.632,0.0,0.0,0.0,0.0,0.0,6.947753927066107,43.288155
108,2021-12-17,3.948,0.0,0.0,0.0,0.0,0.0,15.241767163708094,43.833374
109,2021-12-18,8.661,0.0,0.0,0.0,0.2,0.1,5.214335077481478,46.941135
110,2021-12-19,2.963,0.0,0.0,0.3,0.1,0.2,15.542695715260349,43.830673
111,2021-12-20,8.832,0.0,0.0,0.0,0.0,0.0,1.4606473554875554,46.956974
112,2021-12-21,0.8300000000000001,0.0,0.0,0.0,0.0,0.0,4.67055190537828,42.105953
113,2021-12-22,2.654,0.0,0.0,0.0,0.0,0.0,11.584869326716358,42.44454
114,2021-12-23,6.583,0.0,0.0,0.0,0.1,0.0,0.0,45.19523
115,2021-12-24,0.0,0.0,0.1,0.0,0.2,0.0,9.189759626934958,41.254917
116,2021-12-25,5.222,0.0,0.0,0.0,0.0,0.3,0.3150070802798463,43.866398
117,2021-12-26,0.179,0.0,0.0,0.0,0.0,0.0,6.499000823874147,41.358757
118,2021-12-27,3.693,3.0999999999999996,0.0,2.2,1.5,1.5,6.673222616878085,43.021294
119,2021-12-28,3.792,0.1,0.5,0.0,0.1,0.0,6.843924777700123,45.392677
120,2021-12-29,3.889,0.0,0.0,0.0,0.0,0.0,5.9640167322256925,43.708126
121,2021-12-30,3.389,0.0,0.0,0.0,0.0,0.0,0.0,43.53876
122,2021-12-31,0.0,0.2,0.0,0.0,0.0,0.0,7.361310708439088,41.301235
123,2022-01-01,4.183,0.2,0.7,0.0,0.0,0.0,1.5257605508526633,43.43324
124,2022-01-02,0.867,0.0,0.0,0.3,0.4,0.8,4.684630434105871,42.069565
125,2022-01-03,2.662,0.0,0.0,0.0,0.0,0.0,15.71339787608239,43.138294
126,2022-01-04,8.929,0.0,0.0,0.0,0.0,0.0,8.989140592566786,46.532917
127,2022-01-05,5.108,0.0,0.0,0.0,0.0,0.0,5.18089857175345,44.646393
128,2022-01-06,2.944,0.0,0.0,0.0,0.0,0.0,9.249593374027217,42.98656
129,2022-01-07,5.256,0.0,0.0,0.0,0.0,0.0,5.52054307730658,44.380363
130,2022-01-08,3.137,0.0,0.0,0.0,0.0,0.0,0.827113562745965,43.258305
131,2022-01-09,0.47,0.0,0.4,0.6,0.7,1.1,6.916077237429027,41.338314
132,2022-01-10,3.93,0.0,0.0,0.0,0.0,0.0,5.14922188211637,44.241096
133,2022-01-11,2.926,0.0,0.0,0.0,0.0,0.0,2.472541607783151,42.773304
134,2022-01-12,1.405,0.0,0.0,0.0,0.0,0.0,0.7092058846523914,41.612732
135,2022-01-13,0.403,0.0,0.0,0.0,0.0,0.0,1.8654050564057936,40.874256
136,2022-01-14,1.0599999999999998,0.0,0.0,0.0,0.0,0.0,6.905518340883334,41.142303
137,2022-01-15,3.924,0.0,0.0,0.0,0.0,0.0,10.907340131701048,42.98165
138,2022-01-16,6.198,0.0,0.0,0.0,0.0,0.0,0.0,44.66587
139,2022-01-17,0.0,0.0,0.0,0.0,0.0,0.0,3.5653874002623938,40.87652
140,2022-01-18,2.026,0.0,0.0,0.0,0.0,0.0,6.627467398513414,41.5748
141,2022-01-19,3.766,0.0,0.0,0.0,0.0,0.0,0.0,42.8916
142,2022-01-20,0.0,0.0,0.0,0.0,0.0,0.0,12.748107762833556,40.564056
143,2022-01-21,7.244,8.1,0.0,0.0,0.0,0.0,6.220949881504227,41.837795
144,2022-01-22,3.535,1.4,0.6,0.7,1.1,0.3,3.5759462968080875,44.334152
145,2022-01-23,2.032,0.0,0.0,0.0,0.0,0.0,1.8530863437691516,44.257404
146,2022-01-24,1.053,0.0,0.0,0.0,0.0,0.0,3.9666254689987346,42.43414
147,2022-01-25,2.254,0.0,0.0,0.0,0.0,0.0,6.981190432794135,42.800785
148,2022-01-26,3.967,0.0,0.0,0.0,0.0,0.0,2.449663998600816,43.661503
149,2022-01-27,1.392,0.0,0.0,0.0,0.0,0.0,0.0,41.889744
150,2022-01-28,0.0,0.0,0.0,0.0,0.0,0.0,6.636266478968158,40.6021
151,2022-01-29,3.771,0.0,0.0,0.6,0.9,0.0,0.25165370100568724,43.46182
152,2022-01-30,0.143,0.0,0.0,0.0,0.0,0.0,4.22179880218632,41.21533
153,2022-01-31,2.399,0.0,0.0,0.0,0.0,0.0,3.487955492260644,41.96084
154,2022-02-01,1.982,0.0,0.0,0.0,0.0,0.0,0.0,42.099167
155,2022-02-02,0.0,0.0,0.0,0.0,0.0,0.0,3.8786346644512917,40.726055
156,2022-02-03,2.204,1.6,1.2,4.7,6.8,4.5,5.942898939134307,44.090965
157,2022-02-04,3.377,0.0,0.0,0.0,0.0,0.0,13.540025003760542,49.397602
158,2022-02-05,7.693999999999999,0.0,0.0,0.0,0.0,0.0,10.03271153449946,46.217007
159,2022-02-06,5.701,0.0,0.0,0.9,0.9,1.6,6.226229329777073,46.50246
160,2022-02-07,3.538,0.0,0.1,0.0,0.0,0.0,4.721586572015796,46.42626
161,2022-02-08,2.683,0.0,0.0,0.0,0.0,0.0,12.364467855006705,44.204876
162,2022-02-09,7.026,0.6,0.0,0.3,0.0,0.0,5.756358433493727,46.78907
163,2022-02-10,3.271,0.0,0.1,0.0,0.0,0.0,22.1860014585923,44.820282
164,2022-02-11,12.607,0.0,0.0,0.0,0.0,0.0,13.9922977391344,50.12132
165,2022-02-12,7.951,0.0,0.0,0.0,0.0,0.0,6.1048020195016015,47.972267
166,2022-02-13,3.469,0.0,0.0,0.0,0.0,0.0,2.0079501597726517,44.532925
167,2022-02-14,1.141,0.0,0.0,0.0,0.0,0.0,3.2591794004372923,42.555637
168,2022-02-15,1.852,0.0,0.0,0.0,0.0,0.0,11.692218108264239,42.601597
169,2022-02-16,6.644,0.0,0.0,0.0,0.0,0.0,6.602829973240129,45.53274
170,2022-02-17,3.752,0.5,0.0,3.9,1.7,0.0,13.253174980935878,47.260715
171,2022-02-18,7.531,18.3,16.0,38.6,24.7,21.8,90.18705502894727,75.30233
172,2022-02-19,51.248,9.3,4.3,7.5,5.8,8.8,84.00658091753486,149.78397
173,2022-02-20,47.736,0.0,0.0,0.0,0.0,0.0,120.48932829899572,96.69868
174,2022-02-21,68.467,0.0,0.0,0.0,0.0,0.0,61.71675030957659,99.31171
175,2022-02-22,35.07,18.5,3.4999999999999996,0.0,0.0,0.0,48.474134225186404,79.06765
176,2022-02-23,27.545,2.7,11.2,0.0,0.0,0.0,44.104510871360375,77.62416
177,2022-02-24,25.062,29.200000000000003,12.5,11.5,5.1,17.9,43.18412705579412,79.5825
178,2022-02-25,24.539,0.0,0.0,0.1,0.4,0.3,34.571587106690394,110.19934
179,2022-02-26,19.645,0.0,0.0,0.0,0.0,0.0,25.948488261040968,72.737335
180,2022-02-27,14.745,0.0,0.0,0.0,0.0,0.0,35.7928994738089,63.229538
181,2022-02-28,20.339,0.0,0.0,0.0,0.0,0.0,25.350150790118356,65.22007
182,2022-03-01,14.405,0.0,0.0,0.0,0.4,0.0,34.212584624136824,60.60515
183,2022-03-02,19.441,6.199999999999999,10.1,9.1,7.3,7.8,51.02586755706225,65.37445
184,2022-03-03,28.995,22.2,10.5,30.6,23.0,25.1,316.9235200028896,116.004684
185,2022-03-04,180.089,0.0,0.0,0.0,0.0,0.0,360.544081449239,238.67615
186,2022-03-05,204.876,0.0,0.0,0.0,0.0,0.0,200.32866471316368,190.88225
187,2022-03-06,113.835,0.0,0.0,0.0,0.0,0.0,127.32621381233206,152.26173
188,2022-03-07,72.352,1.3,8.0,0.5,1.1,0.5,113.37791147547138,117.59006
189,2022-03-08,64.426,5.7,0.3,0.0,0.0,0.0,84.02065944626246,114.014626
190,2022-03-09,47.744,0.0,0.0,0.0,0.0,0.0,76.45345025518236,102.53591
191,2022-03-10,43.444,0.0,0.0,0.0,0.0,0.0,64.7066778480987,94.543365
192,2022-03-11,36.769,0.0,0.0,0.0,0.0,0.0,62.09335095303964,86.85939
193,2022-03-12,35.284,0.0,0.0,0.0,0.0,0.0,47.087399145518695,81.979065
194,2022-03-13,26.757,0.0,0.0,0.0,0.0,0.0,47.32321450170585,73.98834
195,2022-03-14,26.891,0.0,0.0,0.0,0.0,0.0,44.46879280218679,71.23743
196,2022-03-15,25.269,0.0,0.0,0.0,0.0,0.0,14.307304819414249,68.710175
197,2022-03-16,8.13,0.0,0.0,0.0,0.0,0.0,40.45465229873244,56.270603
198,2022-03-17,22.988,0.0,0.0,0.0,0.0,0.0,37.83604595540053,62.772266
199,2022-03-18,21.5,0.0,0.0,0.0,0.0,0.0,42.34469478041152,62.160393
200,2022-03-19,24.062,0.0,0.0,0.0,0.0,0.0,36.04279335872364,62.5618
201,2022-03-20,20.481,2.2,0.0,0.4,0.3,0.0,48.303432064364365,59.634823
202,2022-03-21,27.448,13.8,9.5,7.9,11.8,19.4,51.078662039790714,62.17554
203,2022-03-22,29.025,0.5,3.3,0.0,0.0,2.6,75.96070174971668,92.060005
204,2022-03-23,43.164,0.0,0.0,0.0,0.0,0.0,65.16247021565445,80.378746
205,2022-03-24,37.028,0.0,0.0,0.0,0.0,0.0,57.560064702755376,74.99955
206,2022-03-25,32.708,0.0,0.0,0.0,0.0,0.0,54.22697302649823,71.881165
207,2022-03-26,30.814,0.0,0.0,0.0,0.0,0.0,39.70673046007917,70.44703
208,2022-03-27,22.563,0.0,0.0,0.0,0.0,0.0,45.89248401976442,65.301674
209,2022-03-28,26.078,0.0,0.0,0.0,0.0,0.0,40.87876797665111,66.45623
210,2022-03-29,23.229,0.0,0.0,0.0,0.0,0.0,34.14043216440792,64.46424
211,2022-03-30,19.4,0.0,0.0,0.0,0.0,0.0,30.545127890599396,61.03072
212,2022-03-31,17.357,0.0,0.0,0.0,0.0,0.0,35.83337524390072,58.73992
213,2022-04-01,20.362,0.0,0.0,0.0,0.0,0.0,25.026344629383765,59.857044
214,2022-04-02,14.221,0.0,0.0,0.0,0.0,0.1,27.861408351902384,55.72858
215,2022-04-03,15.832,0.2,15.9,1.6,1.7,6.3,28.95601396047258,52.17624
216,2022-04-04,16.454,0.0,0.0,0.0,0.0,0.0,30.055899017315614,67.22315
217,2022-04-05,17.079,1.2,0.9,0.0,0.0,0.0,21.84987658522107,56.935223
218,2022-04-06,12.416,15.6,13.899999999999999,18.6,14.9,17.3,42.86032089505953,60.491264
219,2022-04-07,24.355,0.0,0.0,0.0,0.5,0.0,44.36848328500271,99.42754
220,2022-04-08,25.212,0.0,0.0,0.0,0.5,0.0,37.60023059921338,64.57349
221,2022-04-09,21.366,0.0,1.1,0.0,0.0,0.0,37.93811528867556,63.601536
222,2022-04-10,21.558,0.0,0.0,0.0,0.0,0.0,26.603139846873948,64.94689
223,2022-04-11,15.117,0.0,0.0,0.0,0.0,0.0,27.64319115662472,59.94436
224,2022-04-12,15.708,0.0,0.0,0.0,0.0,0.0,20.941811482291456,58.97376
225,2022-04-13,11.9,0.0,0.0,0.0,0.0,0.0,24.48960072164436,55.66474
226,2022-04-14,13.916,7.7,1.2,0.0,0.1,0.0,20.603926792829277,52.536648
227,2022-04-15,11.708,0.0,0.0,3.1,1.7,3.9,22.411257918233755,56.39177
228,2022-04-16,12.735,0.0,0.0,0.0,0.0,0.0,23.02719355006586,58.44677
229,2022-04-17,13.085,0.0,0.0,0.0,0.0,0.0,15.560293876169839,53.446224
230,2022-04-18,8.842,0.0,0.0,0.0,0.0,0.0,8.929306845474525,50.537952
231,2022-04-19,5.074,0.0,0.0,0.0,0.0,0.0,19.21895152925252,47.711037
232,2022-04-20,10.921,0.0,3.1,0.0,0.0,0.6,10.82462877542645,49.940643
233,2022-04-21,6.151,0.0,0.0,0.0,0.0,0.0,12.596763579011954,49.580288
234,2022-04-22,7.158,0.0,0.0,0.0,0.0,0.0,10.03623116668136,48.185383
235,2022-04-23,5.703,0.0,0.0,0.0,0.0,0.0,10.893261602973457,46.497135
236,2022-04-24,6.19,0.0,0.0,0.5,0.0,0.0,13.691369187582147,46.67828
237,2022-04-25,7.78,0.0,0.0,0.2,0.0,0.5,8.647736270922707,47.199554
238,2022-04-26,4.914,0.0,0.0,0.0,0.0,0.0,12.267677970004517,45.42832
239,2022-04-27,6.971,0.0,0.0,0.0,0.0,0.0,9.876087902405013,46.046844
240,2022-04-28,5.612,0.0,0.0,0.0,0.0,0.0,8.01244266209017,45.337254
241,2022-04-29,4.553,0.0,0.0,0.0,0.0,0.0,13.117669141932817,44.486244
242,2022-04-30,7.454,0.0,0.0,0.0,0.0,0.0,8.39784238600797,46.225006
243,2022-05-01,4.772,0.0,0.0,0.0,0.0,0.0,5.553979583034609,44.74003
244,2022-05-02,3.156,0.0,0.0,7.1,2.8,3.3,8.656535351377451,48.27267
245,2022-05-03,4.919,1.4,3.9,0.0,3.4,2.6,4.5068890089200355,47.775757
246,2022-05-04,2.561,0.0,0.0,0.0,0.5,0.0,6.634506662877209,45.84981
247,2022-05-05,3.77,0.0,0.0,0.0,0.0,0.0,7.850539581722874,44.987602
248,2022-05-06,4.461,0.0,0.0,0.0,0.0,0.0,7.257481559073105,45.854694
249,2022-05-07,4.124,0.0,0.0,0.0,0.0,0.0,5.207295813117683,45.7034
250,2022-05-08,2.959,0.0,0.0,0.0,0.0,0.0,3.164149331526054,44.659496
251,2022-05-09,1.798,0.0,0.0,0.0,0.0,0.0,3.1518306188894116,43.432823
252,2022-05-10,1.791,0.0,0.0,0.0,0.0,0.0,3.0515211017053265,42.894722
253,2022-05-11,1.734,0.0,0.0,0.0,0.0,0.0,0.09503006891123854,42.47047
254,2022-05-12,0.054,0.0,0.0,0.0,0.0,0.0,3.507313469261082,41.06947
255,2022-05-13,1.993,14.100000000000001,1.2,3.2,4.8,0.7,3.9490273080892466,40.193108
256,2022-05-14,2.244,75.4,34.4,18.8,31.7,18.7,52.231341579362216,80.205986
257,2022-05-15,29.68,2.8,1.8999999999999997,0.0,0.0,0.0,79.92204777044256,155.33849
258,2022-05-16,45.415,0.0,0.0,0.2,0.0,0.0,48.90704898355982,87.33909
259,2022-05-17,27.791,0.1,1.7,12.0,3.8,0.1,37.99618921967688,93.34185
260,2022-05-18,21.591,0.0,0.1,0.0,0.0,0.0,22.323267113686313,79.03769
261,2022-05-19,12.685,0.0,0.5,0.0,0.0,0.0,17.774142518583506,60.544563
262,2022-05-20,10.1,0.0,0.1,0.0,0.0,0.0,12.795622797289175,57.6556
263,2022-05-21,7.271,0.0,0.0,2.1,0.0,5.4,11.727414430083215,55.22816
264,2022-05-22,6.664,0.0,10.3,0.0,0.0,0.0,5.170339675207757,54.36333
265,2022-05-23,2.938,9.2,12.4,18.2,16.6,26.9,22.59427879169244,63.831566
266,2022-05-24,12.839,5.4,1.6,6.999999999999999,19.9,6.6,37.32921892120726,119.364075
267,2022-05-25,21.212,0.0,0.0,0.0,0.0,0.0,57.72900704748647,77.8894
268,2022-05-26,32.804,0.1,0.0,0.0,0.0,0.0,32.91384034901656,73.02044
269,2022-05-27,18.703,0.0,0.0,0.0,0.0,0.0,23.56393745780526,71.379616
270,2022-05-28,13.39,0.0,0.0,0.0,0.0,0.0,22.108569550590552,64.98833
271,2022-05-29,12.563,0.0,0.0,0.0,0.0,0.0,16.741130473196524,62.17899
272,2022-05-30,9.513,0.0,0.0,0.0,0.0,0.0,12.5228513031921,57.91344
273,2022-05-31,7.116,54.8,44.89999999999999,111.9,90.0,59.7,150.11935182230172,332.88065
274,2022-06-01,85.304,11.7,54.70000000000001,21.7,21.4,9.7,997.664379384183,749.8574
275,2022-06-02,566.914,0.0,0.0,0.0,0.0,0.0,333.33732468316964,414.23264
276,2022-06-03,189.416,19.9,1.8999999999999997,0.1,9.6,0.0,182.34686389584823,285.38452
277,2022-06-04,103.617,19.9,26.2,13.4,26.6,34.7,241.40805172418297,230.36684
278,2022-06-05,137.178,0.4,0.0,5.4,8.2,5.0,588.9822885831289,297.68057
279,2022-06-06,334.684,0.6,7.599999999999999,49.6,26.6,26.2,509.76416724906585,389.37006
280,2022-06-07,289.669,34.3,45.7,138.9,97.1,107.3,2015.6053597682787,2043.8427
281,2022-06-08,1145.35,0.0,0.0,0.0,0.0,0.0,1926.169746210167,2021.5938
282,2022-06-09,1094.529,0.0,0.0,0.0,0.0,0.0,672.9959087650275,615.81104
283,2022-06-10,382.424,0.0,0.0,0.0,0.0,0.0,349.4660391567159,427.31522
284,2022-06-11,198.581,0.0,0.0,0.6,0.0,10.9,238.44980087529797,215.04564
285,2022-06-12,135.497,0.0,0.0,3.9,0.0,0.0,239.18540400131457,180.08595
286,2022-06-13,135.915,0.0,0.0,0.0,0.0,0.0,178.65652955312845,181.28052
287,2022-06-14,101.52,1.4,0.0,15.9,6.1,1.5,187.68438609969613,170.95958
288,2022-06-15,106.65,0.0,0.0,0.5,0.2,1.8,126.43574687031193,174.47856
289,2022-06-16,71.846,0.0,0.0,0.0,0.6,0.3,108.90093934009748,131.8114
290,2022-06-17,61.882,1.3,6.900000000000001,13.4,1.4,14.1,100.14057483935404,126.87817
291,2022-06-18,56.904,28.8,35.6,1.3,36.7,22.6,294.47706576283684,212.66719
292,2022-06-19,167.334,3.0,0.0,0.0,0.0,0.0,304.6892785386131,260.74905
293,2022-06-20,173.137,26.9,34.2,75.9,37.4,55.9,323.9786227115036,353.45084
294,2022-06-21,184.098,0.0,1.5,3.1,2.5,5.7,803.8347154948935,584.5181
295,2022-06-22,456.77200000000005,21.1,10.2,0.0,0.0,19.3,464.16733233258094,359.56006
296,2022-06-23,263.759,0.3,7.299999999999999,0.5,1.9,1.3,358.2264036574594,350.0774
297,2022-06-24,203.559,0.0,0.0,0.0,3.1,0.4,269.06180177735337,246.61899
298,2022-06-25,152.892,0.0,0.0,0.0,0.0,0.0,205.60635316991934,197.37775
299,2022-06-26,116.834,0.4,0.0,0.0,0.0,6.6,162.1054592177544,164.34149
300,2022-06-27,92.115,0.7,0.9,1.3,1.5,0.7,137.61409868001908,151.75041
301,2022-06-28,78.198,87.2,31.400000000000002,42.4,32.9,38.9,329.68570629445077,249.53021
302,2022-06-29,187.341,9.4,9.8,1.4,5.8,2.9,489.57555705370055,452.06866
303,2022-06-30,278.197,12.1,13.299999999999999,15.3,5.4,25.3,373.7321432348098,303.4522
304,2022-07-01,212.37,3.3,11.500000000000002,8.5,4.4,10.4,343.3084426544859,348.92548
305,2022-07-02,195.082,0.0,0.0,0.0,0.0,0.0,291.7475910057751,264.9589
306,2022-07-03,165.783,0.0,0.0,0.0,0.0,0.0,223.77293467678442,203.10652
307,2022-07-04,127.157,0.0,0.0,0.0,0.0,0.0,191.11426766095545,175.33344
308,2022-07-05,108.599,0.0,0.0,0.0,0.0,0.0,143.00089573441358,156.04987
309,2022-07-06,81.259,0.0,0.0,4.4,1.2,0.0,113.50285841792875,138.86093
310,2022-07-07,64.497,0.0,0.0,0.0,0.0,0.0,101.6698550223886,123.12623
311,2022-07-08,57.773,17.2,10.7,19.8,10.1,8.2,110.17856582212634,126.494
312,2022-07-09,62.608,6.1,1.4,19.6,14.1,18.7,163.38484551587422,179.79895
313,2022-07-10,92.842,14.8,3.9,47.1,24.1,15.5,251.08000096003792,270.26874
314,2022-07-11,142.674,0.3,1.5,23.6,39.5,44.7,825.881691482301,493.27963
315,2022-07-12,469.3,11.3,2.8,0.0,29.4,0.1,736.7786831653781,731.6954
316,2022-07-13,418.668,0.0,0.0,0.1,10.6,0.0,468.03716791657746,436.27792
317,2022-07-14,265.958,0.0,0.0,2.2,0.0,0.0,294.1339016251019,301.08832
318,2022-07-15,167.139,0.5,1.1,26.2,4.0,0.0,231.99479545369752,236.23514
319,2022-07-16,131.829,21.4,34.9,110.2,68.7,82.0,649.3650982957662,662.40576
320,2022-07-17,368.996,110.9,101.9,107.3,125.7,152.0,2386.8332847056686,4470.0254
321,2022-07-18,1356.297,24.9,83.3,1.1,20.7,54.5,5535.505033711826,3634.2776
322,2022-07-19,3145.5019999999995,1.6,79.9,26.1,20.3,85.3,2041.0804575008547,1217.2897
323,2022-07-20,1159.826,0.0,0.0,0.0,0.0,0.2,1021.2142383132608,1324.4661
324,2022-07-21,580.296,0.3,1.0,6.0,12.2,1.3,533.6307930745144,546.5651
325,2022-07-22,303.231,20.5,3.3,21.5,15.1,11.5,384.1836909989551,424.5711
326,2022-07-23,218.309,1.8,8.4,35.1,27.4,24.6,454.7980714643691,484.51273
327,2022-07-24,258.435,25.299999999999997,0.1,0.0,0.0,0.0,487.05374059537087,503.6412
328,2022-07-25,276.764,28.5,1.2,0.2,0.2,33.8,341.49935171299046,328.82895
329,2022-07-26,194.054,0.0,0.0,0.0,0.0,0.0,269.0248456394435,317.1536
330,2022-07-27,152.871,0.0,7.8,28.4,5.0,20.0,239.54264666777718,252.21472
331,2022-07-28,136.118,0.0,1.6,0.0,0.0,0.0,269.5950260529109,267.5659
332,2022-07-29,153.195,0.0,0.0,0.0,0.0,0.0,209.02039638636012,195.7135
333,2022-07-30,118.774,0.1,0.0,0.0,0.0,0.0,160.07639126489036,171.31915
334,2022-07-31,90.962,0.0,0.8,0.0,0.0,0.0,144.43690566462786,150.36932
335,2022-08-01,82.075,0.0,0.0,0.0,0.0,0.0,104.81992582518707,137.1376
336,2022-08-02,59.563,0.6,0.0,0.9,1.2,0.9,111.00567938487232,119.38212
337,2022-08-03,63.078,0.0,0.0,0.0,0.0,0.0,86.31369981276883,115.24494
338,2022-08-04,49.047,0.0,0.0,0.0,12.8,0.0,79.19524372488068,110.440346
339,2022-08-05,45.002,0.0,0.0,0.0,0.0,0.0,61.940246953127094,99.50339
340,2022-08-06,35.197,0.1,1.0,1.7,0.9,2.2,58.19887794376981,87.06751
341,2022-08-07,33.071,34.7,62.2,31.1,25.7,47.1,101.12783166637637,124.198074
342,2022-08-08,57.465,20.0,17.5,3.3,2.5,1.0,176.641540128992,270.87796
343,2022-08-09,100.375,0.0,0.0,0.0,0.0,0.0,159.1401691045056,147.16733
344,2022-08-10,90.43,0.9,0.0,0.0,0.0,0.0,112.58599423454439,133.68382
345,2022-08-11,63.976,0.0,0.0,0.0,0.0,0.0,81.59387305684399,111.63717
346,2022-08-12,46.365,10.8,6.999999999999999,38.4,25.5,14.2,104.23390706690108,136.34758
347,2022-08-13,59.23,119.4,53.3,166.4,149.0,158.6,2124.497500027922,2408.377
348,2022-08-14,1207.227,87.6,60.29999999999999,48.5,51.6,68.5,5278.841136295208,3859.9395
349,2022-08-15,2999.655,0.0,0.0,0.0,0.0,0.0,1225.6643923114268,1084.1649
350,2022-08-16,696.473,0.0,0.0,0.0,0.0,0.0,534.7007612578112,558.5348
351,2022-08-17,303.839,0.0,0.0,0.0,0.0,0.0,326.65706280192774,294.4427
352,2022-08-18,185.62,0.0,0.0,0.0,0.0,0.0,221.97088299965282,192.54214
353,2022-08-19,126.133,0.2,2.2,0.3,0.0,0.0,174.60015346349135,149.7757
354,2022-08-20,99.215,0.0,1.6,0.0,0.0,0.0,140.03032617289188,136.75043
355,2022-08-21,79.571,0.0,0.0,0.0,0.0,0.0,125.22851303192101,126.279785
356,2022-08-22,71.16,3.4999999999999996,0.0,0.0,0.0,0.0,97.27031479501645,116.01622
357,2022-08-23,55.273,0.0,0.2,0.0,0.0,0.0,87.70043489243653,104.00603
358,2022-08-24,49.835,0.0,0.0,0.2,0.0,0.0,72.19645513117706,97.04433
359,2022-08-25,41.025,0.0,0.0,1.5,0.5,0.1,77.87186202448713,90.55748
360,2022-08-26,44.25,0.6,2.2,0.0,0.0,0.0,68.54131711027628,89.05948
361,2022-08-27,38.948,40.4,77.5,0.0,0.0,0.0,98.56025998968195,75.509346
362,2022-08-28,56.006,0.4,2.0,0.0,0.0,0.0,110.57100481040794,151.73645
363,2022-08-29,62.831,0.0,0.2,0.0,0.0,0.0,76.82301163428163,111.19631
364,2022-08-30,43.654,0.0,0.0,0.0,0.0,0.0,64.19105173345069,90.41408
365,2022-08-31,36.476,0.0,0.0,1.4,0.5,1.5,52.2559790046355,79.12122
366,2022-09-01,29.694,0.0,0.0,0.0,0.0,0.0,50.67566415496343,71.62714
367,2022-09-02,28.796,0.0,0.0,0.0,0.0,0.0,43.05038103288201,67.51156
368,2022-09-03,24.463,0.0,0.0,0.0,0.0,0.0,45.748179100306615,64.480934
369,2022-09-04,25.996,0.0,0.0,0.0,0.0,0.0,39.82639795426369,64.93332
370,2022-09-05,22.631,0.0,0.0,0.0,0.0,0.0,33.557933038303844,62.783165
371,2022-09-06,19.069,0.0,0.0,0.0,0.0,0.0,28.86626333983418,59.92822
372,2022-09-07,16.403,0.0,0.0,0.0,0.0,0.0,34.311134325229965,57.590992
373,2022-09-08,19.497,0.0,0.0,0.0,0.0,0.0,30.19844412068247,58.911022
374,2022-09-09,17.16,5.0,4.8,9.2,6.2,6.9,28.845145546742792,61.094254
375,2022-09-10,16.391,16.7,10.9,102.9,67.8,54.4,163.65233756169846,244.00632
376,2022-09-11,92.994,76.8,83.0,13.8,29.5,67.1,984.967306287987,1019.06134
377,2022-09-12,559.699,68.2,5.5,0.0,0.5,0.0,489.6125131916105,591.46704
378,2022-09-13,278.218,65.0,3.1,0.0,0.0,0.0,283.3849449415862,392.12955
379,2022-09-14,161.031,38.2,16.6,0.0,1.4,0.0,238.66273862230273,278.60196
380,2022-09-15,135.618,0.0,0.1,0.0,0.0,0.0,197.83148568010728,199.67575
381,2022-09-16,112.416,0.5,5.1,11.4,8.7,13.7,163.24933967687116,169.22203
382,2022-09-17,92.765,0.0,1.8,0.0,0.8,0.5,128.83437620227525,172.30986
383,2022-09-18,73.209,0.0,0.0,0.0,0.0,0.0,123.59716351561143,129.2737
384,2022-09-19,70.233,0.0,0.0,0.0,0.0,0.0,103.50182357306636,113.92179
385,2022-09-20,58.814,0.0,0.0,0.0,0.0,0.0,88.19846284617506,105.163536
386,2022-09-21,50.118,0.0,0.0,0.0,0.0,0.0,72.07326800481063,97.475174
387,2022-09-22,40.955,0.0,0.0,0.0,0.0,0.0,76.08916832435594,90.5492
388,2022-09-23,43.237,0.0,0.0,0.0,0.0,0.0,61.89273191867148,90.08696
389,2022-09-24,35.17,0.0,0.0,0.0,0.0,0.0,61.007544424924205,83.8412
390,2022-09-25,34.667,0.0,0.0,0.0,0.0,0.0,56.57632750791497,80.74516
391,2022-09-26,32.149,0.0,0.0,0.0,0.0,0.0,47.0733206167911,77.13895
392,2022-09-27,26.749,0.0,0.0,0.0,0.0,0.0,46.175814410407185,71.43303
393,2022-09-28,26.239,0.0,0.0,0.0,0.0,0.0,46.85510342151345,68.75589
394,2022-09-29,26.625,0.0,0.0,0.0,0.0,0.0,39.2790951499786,67.384125
395,2022-09-30,22.32,28.200000000000003,4.8,0.0,0.0,0.5,49.04255482256288,55.107216
396,2022-10-01,27.868,37.5,4.9,0.0,0.0,0.0,37.83252632321864,65.83936
397,2022-10-02,21.498,0.0,1.5,0.0,0.0,0.0,45.670747192304866,75.164116
398,2022-10-03,25.952,0.0,0.0,0.0,0.0,0.0,34.221383704591574,72.494286
399,2022-10-04,19.446,34.3,0.0,0.0,0.0,0.0,39.16998655233977,55.28717
400,2022-10-05,22.258,6.500000000000001,3.3,0.0,0.0,0.0,32.02337340699644,66.25142
401,2022-10-06,18.197,0.2,0.0,0.0,0.0,0.0,42.999346366244495,66.3525
402,2022-10-07,24.434,0.0,0.0,0.0,0.0,0.0,33.624806049759904,66.840614
403,2022-10-08,19.107,0.0,0.0,0.0,0.0,0.0,36.36132007118538,61.75121
404,2022-10-09,20.662,0.0,0.0,0.0,0.0,0.0,33.975009451858725,60.563904
405,2022-10-10,19.306,0.0,0.0,0.0,0.0,0.0,31.514786556712224,59.179813
406,2022-10-11,17.908,0.0,0.0,0.0,0.0,0.0,22.895207343244692,57.970768
407,2022-10-12,13.01,0.0,0.0,0.0,0.0,0.0,30.812619936423626,54.794807
408,2022-10-13,17.509,0.0,0.0,0.0,0.0,0.0,23.850787480629926,57.11471
409,2022-10-14,13.552999999999999,0.0,0.0,0.0,0.0,0.0,23.430191434893146,54.900497
410,2022-10-15,13.314,0.0,0.0,0.6,0.2,0.0,24.428007158461153,54.56053
411,2022-10-16,13.881,0.0,0.0,0.0,0.0,0.0,26.733366237604166,54.340214
412,2022-10-17,15.191000000000003,0.0,0.0,0.0,0.0,0.0,17.85861369094905,54.448826
413,2022-10-18,10.148,0.0,0.0,0.0,0.0,0.0,29.929192258767298,51.12475
414,2022-10-19,17.007,0.0,0.0,0.0,0.0,0.0,21.158268861478167,54.7518
415,2022-10-20,12.023,5.7,6.3,39.5,28.7,17.7,65.05512143410658,84.936554
416,2022-10-21,36.967,9.6,4.9,0.5,0.3,3.2,63.28298663052108,123.67368
417,2022-10-22,35.96,0.0,0.0,0.0,0.0,0.0,46.14061808858821,75.57261
418,2022-10-23,26.219,0.0,0.2,0.5,0.4,4.1,45.38565698557115,72.043304
419,2022-10-24,25.79,0.0,0.0,1.2,0.0,0.0,37.03708945010975,76.67373
420,2022-10-25,21.046,0.0,0.0,0.0,0.0,0.0,34.39560549759551,69.16681
421,2022-10-26,19.545,0.0,0.0,0.0,0.0,0.0,30.979802465063766,65.227684
422,2022-10-27,17.604,0.0,0.0,0.0,0.0,0.0,26.831915938697296,62.607872
423,2022-10-28,15.246999999999998,0.0,0.0,0.0,0.0,0.0,27.5235236624402,59.541573
424,2022-10-29,15.64,0.0,0.0,0.0,0.0,0.0,19.236549690162008,58.41289
425,2022-10-30,10.931,4.2,3.4,0.1,0.0,0.1,28.802909960560026,52.525776
426,2022-10-31,16.367,7.1,8.1,0.0,3.7,0.2,26.31980945623118,56.376125
427,2022-11-01,14.956,0.0,0.0,0.0,0.0,0.0,21.318412125754516,62.833485
428,2022-11-02,12.114,0.0,0.0,1.0,0.0,0.5,27.150442651159043,57.42563
429,2022-11-03,15.428,0.3,0.3,0.0,0.4,0.2,27.718863248535524,57.393654
430,2022-11-04,15.751,0.0,0.0,0.0,0.0,0.0,27.977556213905007,56.298023
431,2022-11-05,15.898,9.8,11.4,23.3,23.3,12.5,52.032482361085,72.89784
432,2022-11-06,29.567,1.7,5.4,2.8,4.8,3.0,93.27025282028968,110.61299
433,2022-11-07,53.0,0.0,0.0,0.0,0.0,0.0,98.37195966795043,91.20513
434,2022-11-08,55.899,0.0,0.0,0.0,0.0,0.0,65.33845182474934,93.037834
435,2022-11-09,37.128,0.0,0.0,0.0,0.0,0.0,51.6470826371672,82.23746
436,2022-11-10,29.348,0.0,0.0,1.0,0.7,0.6,47.77020778880686,75.60397
437,2022-11-11,27.145,0.0,0.0,0.0,0.0,0.0,42.96063041224361,72.95476
438,2022-11-12,24.412,0.0,0.0,0.0,0.0,0.0,36.88926489847004,68.6782
439,2022-11-13,20.962,0.0,0.0,0.0,0.0,0.0,31.805156211718785,64.97878
440,2022-11-14,18.073,0.0,0.0,0.0,0.0,0.0,31.257853407433686,61.75529
441,2022-11-15,17.762,0.0,0.0,0.0,0.0,0.0,37.61958857621382,60.2918
442,2022-11-16,21.377,0.0,0.0,0.0,0.0,0.0,26.677052122693798,61.753304
443,2022-11-17,15.159,0.0,0.0,0.0,0.0,0.0,28.493182328553022,57.547016
444,2022-11-18,16.191,0.0,0.0,0.0,0.0,0.0,26.590821134237302,57.01363
445,2022-11-19,15.11,0.0,0.0,1.7,0.4,0.5,22.21943796432033,57.165253
446,2022-11-20,12.626,0.7,0.8,0.2,0.3,0.7,28.31016145509434,54.2556
447,2022-11-21,16.087,0.0,0.0,0.0,0.0,0.0,10.866864361609222,55.831345
448,2022-11-22,6.175,0.0,0.9,3.6,1.6,2.5,16.054802197726467,51.104084
449,2022-11-23,9.123,0.0,0.0,0.0,0.0,0.0,19.80497028753849,52.936703
450,2022-11-24,11.254,0.0,0.0,0.0,0.0,0.0,37.08988393283821,50.45585
451,2022-11-25,21.076,0.0,0.0,0.0,0.0,0.0,11.329695993528773,57.042404
452,2022-11-26,6.438,0.0,0.0,0.0,0.0,0.0,0.0,48.986732
453,2022-11-27,0.0,0.0,0.0,0.0,0.0,0.0,7.429943535986096,43.361786
454,2022-11-28,4.222,0.0,0.6,4.1,2.4,3.2,18.80187511569764,47.633953
455,2022-11-29,10.684,0.0,0.0,0.0,0.0,0.0,12.420781969917067,53.48791
456,2022-11-30,7.058,0.0,0.0,0.0,0.0,0.0,15.71163805999144,46.912968
457,2022-12-01,8.928,0.0,0.0,0.0,0.0,0.0,13.32884707284668,48.14734
458,2022-12-02,7.574,0.0,0.0,0.0,0.0,0.0,117.75281427757025,47.89979
459,2022-12-03,66.912,0.0,0.0,0.0,0.0,0.0,9.656110891036406,85.178116
460,2022-12-04,5.487,0.0,0.0,0.0,0.0,0.0,9.86728882195027,53.3146
461,2022-12-05,5.607,0.0,0.0,0.1,0.0,0.1,19.166157046524056,47.47847
462,2022-12-06,10.891,0.0,0.0,0.0,0.0,0.0,16.22198472636661,51.395554
463,2022-12-07,9.218,0.0,0.0,0.0,0.0,0.0,8.089874570091919,50.143333
464,2022-12-08,4.597,0.0,0.0,0.0,0.0,0.0,12.512292406646408,46.6716
465,2022-12-09,7.11,0.0,0.0,0.0,0.0,0.0,12.762186291561147,47.51516
466,2022-12-10,7.252,0.0,0.0,0.0,0.0,0.0,9.657870707127355,47.45027
467,2022-12-11,5.488,0.0,0.0,0.0,0.0,0.0,6.330058479143056,45.988384
468,2022-12-12,3.597,0.0,0.0,0.0,0.0,0.0,7.537292317533976,44.37766
469,2022-12-13,4.283,0.0,0.0,0.0,0.0,0.0,3.3594889176213774,44.420586
470,2022-12-14,1.909,0.0,0.0,1.1,0.0,0.8,12.487654981373124,43.29764
471,2022-12-15,7.096,3.0,1.3,3.6,4.6,3.3,5.34984091648454,47.345245
472,2022-12-16,3.04,0.0,0.0,0.0,0.0,0.0,10.8263885915174,48.32484
473,2022-12-17,6.152,0.0,0.0,0.0,0.0,0.0,15.634206151989689,45.42305
474,2022-12-18,8.884,0.0,0.0,0.0,0.0,0.0,11.438804591167603,48.17719
475,2022-12-19,6.5,0.0,0.0,0.0,0.0,0.0,8.647736270922707,47.193565
476,2022-12-20,4.914,0.0,0.0,0.0,0.0,0.0,6.840405145518226,45.86206
477,2022-12-21,3.887,14.5,12.8,28.6,28.3,29.5,55.94279371517337,64.64745
478,2022-12-22,31.789,29.5,7.7,2.4,0.7,2.7,63.38857559597801,128.40244
479,2022-12-23,36.02,47.7,4.9,13.2,7.5,11.4,54.40119481950217,95.82681
480,2022-12-24,30.913,0.0,0.0,0.0,0.1,0.0,36.169500117271966,118.56623
481,2022-12-25,20.553,0.0,0.0,0.0,0.0,0.1,23.623771204897523,76.766975
482,2022-12-26,13.424,0.0,0.0,0.0,0.0,0.0,24.700778652558228,69.923325
483,2022-12-27,14.036,0.0,0.0,0.6,0.2,0.0,10.37587567223449,67.55404
484,2022-12-28,5.896,0.0,0.0,1.3,1.0,0.7,31.463751890074704,59.575123
485,2022-12-29,17.879,0.0,0.0,0.0,0.0,0.0,13.935983624224036,63.063625
486,2022-12-30,7.919,0.0,0.0,0.0,0.0,0.0,19.17319631088785,54.72548
487,2022-12-31,10.895,0.0,0.0,0.0,0.0,0.0,10.59057323533025,54.239765
488,2023-01-01,6.018,0.0,0.0,0.0,0.0,0.0,16.29765681827741,50.841972
489,2023-01-02,9.261000000000001,0.0,0.0,0.0,0.0,0.0,5.754598617402778,51.696842
490,2023-01-03,3.27,0.0,0.0,0.1,0.0,0.3,12.436620314735608,47.591496
491,2023-01-04,7.067,0.0,0.0,0.0,0.0,0.0,5.217854709663375,48.984634
492,2023-01-05,2.965,0.0,0.0,0.0,0.0,0.0,17.774142518583506,45.85257
493,2023-01-06,10.1,0.0,0.3,1.4,1.0,1.1,14.682145646786356,50.111717
494,2023-01-07,8.343,0.0,0.0,0.0,0.0,0.0,12.088176728727733,49.900944
495,2023-01-08,6.869,0.0,0.0,0.0,0.0,0.0,8.821958063926646,46.82847
496,2023-01-09,5.013,0.0,0.0,0.0,0.0,0.0,13.645613969217475,45.47947
497,2023-01-10,7.754,0.0,0.0,0.0,0.0,0.0,14.653988589331174,47.004036
498,2023-01-11,8.327,0.0,0.0,0.0,0.0,0.0,8.946905006384013,47.492676
499,2023-01-12,5.084,0.0,0.0,0.0,0.0,0.0,7.180049651071356,45.349476
500,2023-01-13,4.08,0.0,0.0,0.0,0.0,0.0,7.33139383489296,44.288
501,2023-01-14,4.166,0.0,0.0,0.0,0.0,0.0,10.479704821600473,44.126442
502,2023-01-15,5.955,0.0,0.0,0.0,0.0,0.0,12.209604039003203,45.150677
503,2023-01-16,6.938,0.0,0.0,0.0,0.0,0.0,11.949151257542772,45.876434
504,2023-01-17,6.79,0.0,0.0,0.0,0.0,0.0,11.343774522256364,45.853508
505,2023-01-18,6.446,2.7,2.2,1.1,0.7,0.8,12.327511717096778,44.836613
506,2023-01-19,7.005,0.0,0.0,0.0,0.0,0.0,14.291466474595708,48.238216
507,2023-01-20,8.121,1.4,0.0,0.0,0.0,0.0,11.970269050634158,46.87399
508,2023-01-21,6.802,26.000000000000004,1.3,0.0,0.1,0.2,12.790343349016327,38.16484
509,2023-01-22,7.268,0.9,0.0,0.0,0.0,0.0,17.091333875295348,51.04008
510,2023-01-23,9.712,4.1,0.0,0.0,0.0,0.0,10.525460039965141,51.000435
511,2023-01-24,5.981,0.0,0.0,0.0,0.0,0.0,6.2367882263227665,49.690502
512,2023-01-25,3.544,0.0,0.0,0.0,0.0,0.0,14.606473554875555,46.61753
513,2023-01-26,8.3,0.0,0.0,0.0,0.0,0.0,8.635417558286065,48.161243
514,2023-01-27,4.907,0.0,0.0,0.0,0.1,0.0,12.327511717096778,45.69035
515,2023-01-28,7.005,0.0,0.0,0.0,0.0,0.0,24.139397319545537,46.31947
516,2023-01-29,13.717,0.0,0.0,0.0,0.0,0.0,42.508357676869764,50.78809
517,2023-01-30,24.155,0.0,0.0,0.0,0.0,0.0,18.79131621915195,58.206425
518,2023-01-31,10.678,0.0,0.0,0.0,0.0,0.0,8.756844868561537,51.058895
519,2023-02-01,4.976,0.0,0.0,0.0,0.0,0.0,16.392686887188646,46.401707
520,2023-02-02,9.315,8.3,0.0,0.0,0.0,0.0,6.129439444774886,45.85985
521,2023-02-03,3.483,0.0,0.0,0.0,0.0,0.0,15.69403989908195,46.45396
522,2023-02-04,8.918,0.0,0.0,0.0,0.0,0.0,3.801202756449542,49.336964
523,2023-02-05,2.16,0.0,0.0,0.0,0.0,0.0,15.009471439702844,44.880478
524,2023-02-06,8.529,0.0,0.0,0.0,0.0,0.0,13.717766428946378,47.65622
525,2023-02-07,7.795,0.0,0.0,0.0,0.0,0.0,11.129076959160603,47.344944
526,2023-02-08,6.324,0.0,0.0,0.0,0.0,0.0,16.663698565194775,46.000164
527,2023-02-09,9.469,0.0,0.0,0.0,0.0,0.0,15.169614703979189,47.811512
528,2023-02-10,8.62,0.0,0.0,0.0,0.0,0.0,11.090361005159728,47.579193
529,2023-02-11,6.302,0.0,0.0,0.0,0.0,0.0,15.345596313074076,46.04334
530,2023-02-12,8.72,0.0,0.0,0.0,0.0,0.0,15.407189876257288,47.431515
531,2023-02-13,8.755,0.0,0.0,0.8,0.0,0.0,21.744287619764137,48.35988
532,2023-02-14,12.356,2.6,0.0,1.6,1.9,0.9,23.77687520481007,50.63418
533,2023-02-15,13.511,0.0,0.0,0.0,0.0,0.0,36.498585726279394,52.996403
534,2023-02-16,20.74,0.0,0.0,0.0,0.0,0.0,33.64944347503319,56.52132
535,2023-02-17,19.121,6.3,10.6,6.9,16.4,6.6,44.926344985833495,60.798126
536,2023-02-18,25.529,0.0,0.0,0.0,0.0,0.0,53.732464704941606,81.126236
537,2023-02-19,30.533,0.0,0.0,0.0,0.0,0.0,44.26641395172768,69.38922
538,2023-02-20,25.154,0.0,0.0,0.0,0.0,0.0,36.70272439282947,67.55484
539,2023-02-21,20.856,0.0,0.0,0.0,0.0,0.0,32.93143850992605,63.996265
540,2023-02-22,18.713,0.0,0.0,0.0,0.0,0.0,32.16415869427235,61.260197
541,2023-02-23,18.277,0.0,0.0,0.0,0.0,0.0,22.453493504416528,60.012558
542,2023-02-24,12.759,0.0,0.0,0.0,0.0,0.0,21.91147014840428,55.701267
543,2023-02-25,12.451,0.0,0.0,0.0,0.0,0.0,29.512115845212413,54.23113
544,2023-02-26,16.77,0.0,0.0,0.0,0.0,0.0,24.359374330914147,56.375546
545,2023-02-27,13.842,0.0,0.0,0.0,0.0,0.0,20.910134792654375,54.49181
546,2023-02-28,11.882,0.0,7.2,0.0,0.0,1.4,23.98453350354204,50.637516
547,2023-03-01,13.629,0.0,0.0,0.0,0.0,0.0,28.755394926104405,56.8753
548,2023-03-02,16.34,1.2,0.0,0.0,0.0,0.0,27.210276398251303,55.299973
549,2023-03-03,15.462,0.0,0.0,0.0,0.0,0.0,27.9881151104507,54.247906
550,2023-03-04,15.904,0.0,0.0,0.0,0.0,0.0,23.641369365807012,54.33202
551,2023-03-05,13.434,0.0,0.0,0.0,0.0,0.0,26.01184164031513,52.707195
552,2023-03-06,14.781,0.0,0.0,0.0,0.0,0.0,19.99151079317907,53.306713
553,2023-03-07,11.360000000000001,0.0,0.0,0.0,0.0,0.0,22.73154444678645,51.228645
554,2023-03-08,12.917,0.0,0.0,0.0,0.0,0.0,23.569216906078108,51.78071
555,2023-03-09,13.393,0.0,0.0,0.0,0.0,0.0,18.583657920419984,52.14639
556,2023-03-10,10.56,0.0,0.0,0.0,0.0,0.0,19.773293597901414,50.269962
557,2023-03-11,11.236,0.0,0.0,0.0,0.0,0.0,18.032835483952987,50.35212
558,2023-03-12,10.247,0.0,0.3,2.7,0.0,2.0,21.73020909103655,50.989872
559,2023-03-13,12.348,27.999999999999996,24.200000000000003,40.4,32.1,33.1,74.20792492313161,84.910324
560,2023-03-14,42.168,0.0,1.2,1.0,2.0,2.1,139.2172911388735,170.03879
561,2023-03-15,79.109,0.0,0.0,0.0,0.2,0.0,116.93801942746092,103.20208
562,2023-03-16,66.449,0.0,0.0,0.0,0.0,0.0,98.46171028858882,104.36045
563,2023-03-17,55.95,0.0,0.0,0.0,0.0,0.0,77.89122000148758,96.55072
564,2023-03-18,44.261,0.0,0.0,0.0,0.0,0.0,66.39962092759151,88.08976
565,2023-03-19,37.731,4.5,8.7,5.9,13.1,1.6,68.8844812480113,90.675964
566,2023-03-20,39.142999999999994,0.0,0.0,0.0,0.0,0.0,70.96106423533097,97.63176
567,2023-03-21,40.323,0.0,0.0,0.0,0.0,0.0,60.048444655357066,85.629234
568,2023-03-22,34.122,0.0,0.0,0.0,0.0,0.0,58.88696603533083,81.140755
569,2023-03-23,33.462,1.8,3.9,4.6,5.6,2.5,55.15791573861018,81.9666
570,2023-03-24,31.343,2.4,2.7,0.5,3.3,0.4,65.69393467512101,84.12713
571,2023-03-25,37.33,0.3,0.0,0.0,0.0,0.0,47.0152466857898,81.63549
572,2023-03-26,26.716,12.0,5.799999999999999,8.1,8.8,1.9,63.26186883742969,79.59607
573,2023-03-27,35.948,0.0,0.1,0.0,0.0,0.0,68.65394534009701,92.51686
574,2023-03-28,39.012,0.0,0.0,0.0,0.0,0.0,64.61516741136937,82.151276
575,2023-03-29,36.717,0.0,0.0,0.0,0.0,0.0,61.641078217665786,80.51906
576,2023-03-30,35.027,0.0,0.0,0.0,0.0,0.0,54.02107454385721,77.88484
577,2023-03-31,30.697,0.0,0.0,0.0,0.0,0.0,44.97210020419816,73.267685
578,2023-04-01,25.555,3.2,0.0,0.0,0.0,0.0,43.7490280209887,67.33325
579,2023-04-02,24.86,0.9,0.0,1.4,1.3,1.7,41.60909165439489,67.4704
580,2023-04-03,23.644,1.0,0.0,1.2,1.5,0.0,43.26155896379587,68.61055
581,2023-04-04,24.583,0.0,0.0,0.0,0.0,0.0,47.768447972715904,66.27211
582,2023-04-05,27.144,0.0,0.0,0.0,0.0,0.1,25.01930536501997,66.60314
583,2023-04-06,14.217,2.9,3.7999999999999994,24.8,15.9,13.6,54.71972153196391,78.10913
584,2023-04-07,31.094,0.0,3.7999999999999994,0.0,0.0,0.8,62.24997458513409,99.21744
585,2023-04-08,35.373,0.0,2.0,0.0,0.9,0.4,58.74442093196396,73.08003
586,2023-04-09,33.381,0.0,0.0,0.0,0.0,0.0,47.47455868552745,76.31939
587,2023-04-10,26.977,0.0,0.0,0.0,0.0,0.0,41.16913763165768,72.1307
588,2023-04-11,23.394,0.0,0.0,0.0,0.0,0.0,40.53560383891608,68.29988
589,2023-04-12,23.034,9.8,14.7,41.7,24.5,21.0,79.0914145755147,99.28718
590,2023-04-13,44.943,48.4,53.3,30.899999999999995,31.8,53.3,490.53289700717664,291.33026
591,2023-04-14,278.74099999999993,0.0,0.0,0.0,0.0,0.1,685.9903907805939,409.4649
592,2023-04-15,389.808,0.0,0.0,0.0,0.0,0.0,329.469248915264,296.29004
593,2023-04-16,187.218,0.0,0.0,0.0,0.0,0.0,210.60423086821413,234.27779
594,2023-04-17,119.674,0.0,0.0,0.0,0.0,0.0,155.12426878496026,161.58482
595,2023-04-18,88.148,0.0,0.0,0.0,0.0,0.0,120.6934669655458,136.4091
596,2023-04-19,68.583,0.0,0.0,0.0,0.0,0.0,93.21217888928837,122.86985
597,2023-04-20,52.967,0.0,0.0,0.0,0.0,0.0,77.48294266838745,109.27015
598,2023-04-21,44.029,0.1,0.0,0.5,0.8,0.0,70.63373844241447,99.32481
599,2023-04-22,40.137,0.0,0.0,0.0,0.0,0.0,58.81481357560192,91.95765
600,2023-04-23,33.421,0.0,0.0,0.0,0.0,0.0,53.16756373974702,83.335846
601,2023-04-24,30.212000000000003,0.0,0.0,0.0,0.0,0.0,46.65624420323623,78.01406
602,2023-04-25,26.512,3.2,0.0,0.0,0.0,0.0,47.578387834893434,72.27987
603,2023-04-26,27.036,0.0,1.5,0.0,0.0,0.0,47.314415421251105,71.35901
604,2023-04-27,26.886,0.0,0.0,0.0,0.0,0.0,35.627476761259715,70.48508
605,2023-04-28,20.245000000000005,0.0,0.0,0.0,0.0,0.0,34.74756871578528,64.12336
606,2023-04-29,19.745,0.0,0.0,0.0,0.0,0.0,31.995216349541263,61.503025
607,2023-04-30,18.181,0.0,0.3,0.0,0.0,0.0,28.012752535723983,59.18381
608,2023-05-01,15.918,0.0,0.0,0.0,0.0,0.0,23.92118012426788,56.79232
609,2023-05-02,13.593,0.0,0.0,0.0,0.0,0.0,18.434073552689327,54.316406
610,2023-05-03,10.475,0.0,0.0,0.3,1.1,0.2,25.57364743366886,51.92182
611,2023-05-04,14.532,6.9,2.4,16.2,18.4,15.4,37.43304807057324,64.47083
612,2023-05-05,21.271,9.6,6.999999999999999,21.0,23.2,37.1,61.81881964285163,117.436775
613,2023-05-06,35.128,3.0,11.3,5.000000000000001,4.1,7.5,102.03941640148786,138.88602
614,2023-05-07,57.983,0.0,0.0,0.0,0.0,0.0,77.68708133493752,103.551895
615,2023-05-08,44.145,0.0,0.0,0.0,0.0,0.0,50.65454636187204,90.34003
616,2023-05-09,28.784,0.0,0.0,0.0,0.0,0.0,37.66006434630564,79.63431
617,2023-05-10,21.4,0.0,0.0,0.0,0.0,0.0,37.90291896685659,72.63004
618,2023-05-11,21.538,0.0,0.0,0.0,0.0,0.0,28.130660213817556,70.74385
619,2023-05-12,15.985,0.0,0.0,0.0,0.0,0.0,23.991572767905833,65.12688
620,2023-05-13,13.633,0.0,0.0,0.0,0.0,0.0,19.657145735898787,60.623024
621,2023-05-14,11.17,1.3,0.0,0.0,0.0,0.0,21.344809367118746,56.233276
622,2023-05-15,12.129,0.0,0.0,0.0,0.0,0.0,21.830518608220633,55.55025
623,2023-05-16,12.405,0.0,0.0,1.2,0.3,2.4,18.15602261031941,54.7209
624,2023-05-17,10.317,12.6,25.9,29.8,13.1,22.0,67.74236060498548,69.347786
625,2023-05-18,38.49399999999999,23.1,5.5,9.6,9.0,5.0,60.61510543664261,137.78552
626,2023-05-19,34.444,4.9,9.5,20.8,9.6,0.2,75.2022210145177,121.75734
627,2023-05-20,42.733,2.3,0.2,0.0,0.0,0.0,64.85626221582936,106.94423
628,2023-05-21,36.854,16.1,0.0,0.0,0.0,0.0,52.21022378627083,79.76212
629,2023-05-22,29.668,0.2,10.7,0.0,0.0,0.0,45.42613275566297,81.75698
630,2023-05-23,25.813,0.2,0.0,0.0,0.0,0.0,52.21022378627083,83.82385
631,2023-05-24,29.668,0.0,0.0,0.0,0.0,0.0,45.42613275566297,79.63268
632,2023-05-25,25.813,0.0,0.0,0.0,0.0,0.0,59.11046267888132,72.67126
633,2023-05-26,33.589,0.0,0.0,0.0,0.0,0.0,36.671047703192386,73.82596
634,2023-05-27,20.838,0.0,0.0,0.0,0.0,0.0,35.567643014167444,64.92256
635,2023-05-28,20.211,0.0,0.0,0.5,0.7,0.2,31.769959889899805,62.8187
636,2023-05-29,18.053,38.2,38.3,23.8,15.3,24.6,24.269623710275756,71.73109
637,2023-05-30,13.791,2.2,0.9,0.0,0.0,8.2,18.256332127503494,127.609634
638,2023-05-31,10.374,0.0,0.0,0.0,0.0,0.0,55.91287684162724,67.25846
639,2023-06-01,31.772,0.0,0.0,0.0,0.0,0.0,89.99171544285196,72.71098
640,2023-06-02,51.137,0.0,0.0,0.1,0.0,0.0,75.32892777306603,86.37345
641,2023-06-03,42.805,33.8,45.00000000000001,53.8,80.7,37.7,55.40077035916112,278.14017
642,2023-06-04,31.481,15.2,7.1,13.7,31.5,10.7,44.38784126200314,572.4151
643,2023-06-05,25.223,0.0,0.0,0.0,0.0,0.0,132.73940810809077,116.21844
644,2023-06-06,75.428,37.6,36.3,75.4,44.5,48.1,416.18594661286016,250.9081
645,2023-06-07,236.494,12.399999999999999,14.9,34.5,24.3,5.8,1217.285907902419,639.0123
646,2023-06-08,691.712,0.0,0.0,0.0,0.0,0.0,586.0873911135179,540.7161
647,2023-06-09,333.039,0.0,0.0,0.0,0.0,0.0,315.33968552103556,328.7509
648,2023-06-10,179.189,0.0,0.0,0.0,0.0,0.0,222.77687876930736,211.68861
649,2023-06-11,126.591,14.9,12.3,47.1,25.1,33.7,182.9258433897704,239.7563
650,2023-06-12,103.946,19.4,12.3,24.7,32.9,22.1,899.2607430265956,507.98895
651,2023-06-13,510.997,0.0,0.0,0.0,0.0,0.0,534.0478694880693,577.40204
652,2023-06-14,303.468,0.0,0.0,0.0,0.0,0.0,300.24222327678535,325.5193
653,2023-06-15,170.61,0.0,0.0,0.0,0.0,0.0,209.11190682308944,250.70697
654,2023-06-16,118.826,29.4,35.6,20.000000000000004,12.7,25.4,300.24222327678535,250.39673
655,2023-06-17,170.61,7.4,7.8,9.5,19.1,10.0,299.3429572543104,432.03186
656,2023-06-18,170.099,1.1,20.2,33.1,14.8,77.9,288.2244391916956,429.30005
657,2023-06-19,163.781,0.0,0.0,7.2,0.3,0.3,362.3408536780978,492.3704
658,2023-06-20,205.897,9.5,14.599999999999998,68.0,52.4,44.3,467.6500083765687,562.8442
659,2023-06-21,265.738,10.3,23.8,48.1,24.7,44.9,1350.0341150909646,1305.3268
660,2023-06-22,767.145,0.6,20.3,5.6,9.3,10.9,467.6500083765687,1008.9676
661,2023-06-23,265.738,0.0,0.0,1.2,0.1,0.4,686.5112963435148,370.39035
662,2023-06-24,390.104,0.0,1.7,0.4,0.2,9.2,431.2763695927466,348.73984
663,2023-06-25,245.069,0.7,22.1,3.7,2.9,62.3,399.4360170592089,291.50467
664,2023-06-26,226.976,0.0,0.2,0.0,0.0,0.0,387.0169949053828,326.08865
665,2023-06-27,219.919,0.0,0.0,0.0,0.1,0.0,264.4317256420669,237.85329
666,2023-06-28,150.261,0.0,0.0,0.0,1.1,59.8,201.65908567792104,210.59302
667,2023-06-29,114.591,0.1,0.0,4.4,1.1,0.2,169.58467760428707,220.10213
668,2023-06-30,96.365,3.4999999999999996,1.1,15.1,8.3,6.5,154.16164938321126,170.15405
669,2023-07-01,87.601,8.5,6.4,8.0,27.5,20.4,240.2096169662468,235.93236
670,2023-07-02,136.497,0.0,0.7,0.0,0.7,0.6,211.97160797088134,242.00246
671,2023-07-03,120.451,2.8,2.8,17.3,11.6,22.0,200.59967639116982,195.30469
672,2023-07-04,113.989,0.0,0.0,0.1,0.0,0.0,156.67290694499528,231.59818
673,2023-07-05,89.028,0.0,0.0,0.0,0.0,0.0,126.53253675531411,147.58713
674,2023-07-06,71.901,0.0,0.0,0.0,0.2,0.0,108.44866660472361,129.48921
675,2023-07-07,61.625,0.0,0.0,0.0,0.0,0.0,89.45497153511255,116.79903
676,2023-07-08,50.832,0.0,0.0,0.0,0.0,1.1,77.14857761110716,102.58262
677,2023-07-09,43.839,0.0,0.0,0.0,0.0,0.0,72.80711131473632,94.37334
678,2023-07-10,41.372,0.0,0.0,0.0,0.0,0.0,65.51795306602612,88.003624
679,2023-07-11,37.23,0.0,0.0,0.0,0.0,0.0,55.90231794508154,82.12837
680,2023-07-12,31.766,0.0,0.0,0.0,0.0,0.0,47.57662801880248,76.17869
681,2023-07-13,27.035,0.0,0.0,0.0,0.0,0.0,43.416422779799376,71.0775
682,2023-07-14,24.671,54.99999999999999,5.3,0.0,0.8,0.0,48.22775997245356,58.345577
683,2023-07-15,27.405,67.3,3.0,0.0,0.6,0.0,51.73683325780559,81.50616
684,2023-07-16,29.399,0.4,1.0,0.0,0.0,0.0,44.24353634254534,93.77686
685,2023-07-17,25.141,34.1,43.7,2.9,7.0,5.8,36.21349551954568,70.03606
686,2023-07-18,20.578,368.7,101.1,49.3,67.1,57.0,668.8691400317524,1093.4688
687,2023-07-19,380.079,0.3,4.2,8.4,0.5,6.6,895.1779696955942,780.7926
688,2023-07-20,508.677,0.1,1.6,3.1,3.2,1.3,353.7828680278135,349.42685
689,2023-07-21,201.034,0.0,0.0,0.1,0.0,0.0,237.14577715190484,266.34137
690,2023-07-22,134.756,0.0,0.0,0.0,0.0,0.0,162.03858620629836,157.52724
691,2023-07-23,92.077,1.8,0.0,0.0,0.0,0.0,123.81010126261624,132.9526
692,2023-07-24,70.354,0.0,0.0,0.0,0.0,0.0,100.84978072400644,121.210655
693,2023-07-25,57.307,0.0,0.0,0.0,0.0,0.9,85.38627673283878,109.311615
694,2023-07-26,48.52,0.2,0.0,0.0,0.0,1.4,72.77719444119018,98.849686
695,2023-07-27,41.355,0.0,0.0,0.2,0.0,0.4,66.22715895067853,90.79647
696,2023-07-28,37.633,6.7,45.6,0.0,0.0,0.0,57.33656805920487,80.437614
697,2023-07-29,32.581,0.0,0.0,0.0,0.0,0.0,78.12175590940188,101.92672
698,2023-07-30,44.392,0.3,0.0,0.1,15.6,1.0,66.82901605378304,104.2976
699,2023-07-31,37.975,59.7,12.4,76.8,64.4,23.6,157.45250547328564,347.75104
700,2023-08-01,89.471,29.699999999999996,45.39999999999999,27.2,9.9,7.1,488.12194896257677,511.8203
701,2023-08-02,277.37100000000004,6.500000000000001,6.999999999999999,1.6,7.4,2.9,482.126255540714,350.95648
702,2023-08-03,273.964,0.0,0.0,0.0,0.0,0.0,319.49813094394773,289.16373
703,2023-08-04,181.552,0.0,0.0,0.0,0.0,0.0,206.50209956021232,208.80139
704,2023-08-05,117.343,13.9,1.6,5.1,4.0,1.6,165.11826436545888,160.96606
705,2023-08-06,93.827,1.9,3.6,28.7,25.6,20.6,224.4381451591631,191.49191
706,2023-08-07,127.535,23.0,28.2,11.7,13.7,14.4,321.11716174762074,287.64157
707,2023-08-08,182.472,0.0,0.1,0.0,0.0,0.0,413.80315562571536,268.33752
708,2023-08-09,235.14,0.0,0.0,0.0,0.0,0.0,300.2985373916957,241.5524
709,2023-08-10,170.642,0.0,0.0,0.0,0.0,0.0,211.47006038496093,213.54926
710,2023-08-11,120.166,0.7,0.6,1.2,3.9,3.1,168.62205820253806,178.21164
711,2023-08-12,95.818,0.0,0.0,0.0,0.1,0.1,132.2255418095337,158.14906
712,2023-08-13,75.136,0.0,0.0,0.0,0.0,0.0,115.19580149742156,134.52022
713,2023-08-14,65.459,0.3,0.2,0.0,0.0,0.0,89.46729024774919,122.479866
714,2023-08-15,50.839,0.0,0.0,0.0,0.0,0.0,83.5789456074343,108.50017
715,2023-08-16,47.493,0.0,0.0,0.0,0.0,0.0,66.91700685833047,99.93373
716,2023-08-17,38.025,0.0,0.0,0.0,0.0,0.0,67.16866055933616,89.47547
717,2023-08-18,38.168,0.0,0.0,0.0,0.0,0.0,56.26132042763511,84.850266
718,2023-08-19,31.97,0.0,0.0,0.0,0.0,0.0,48.91936769619646,77.947525
719,2023-08-20,27.798,0.0,0.0,0.0,0.0,0.0,53.25027509602161,72.19038
720,2023-08-21,30.259,76.8,45.7,29.2,41.4,47.7,112.59831294718101,132.54459
721,2023-08-22,63.983,5.7,6.7,0.0,1.2,2.0,192.91455952199613,277.2566
722,2023-08-23,109.622,6.999999999999999,14.1,10.5,7.3,8.5,145.30097536528373,149.8347
723,2023-08-24,82.566,11.4,8.9,17.6,23.6,13.1,156.08688818670927,214.30469
724,2023-08-25,88.695,10.6,1.6,26.6,12.0,8.2,427.53676039948033,233.42265
725,2023-08-26,242.944,0.2,0.6,0.2,1.2,7.5,349.291817363712,267.50305
726,2023-08-27,198.482,0.0,0.0,0.0,0.0,0.0,240.07235131115283,218.8122
727,2023-08-28,136.419,61.1,62.4,13.9,16.8,27.7,220.47679913843723,217.86055
728,2023-08-29,125.284,1.9,6.0,0.0,0.0,0.0,330.7046398111101,298.11212
729,2023-08-30,187.92,0.0,0.0,0.0,0.0,0.0,273.0477852233526,220.29257
730,2023-08-31,155.157,0.0,9.2,0.0,0.0,0.0,199.3607658631418,196.79973
731,2023-09-01,113.285,0.0,0.0,0.0,0.0,0.0,160.9123039080911,167.34073
732,2023-09-02,91.437,1.3,7.1,3.9,4.1,4.4,131.38258990196917,146.41345
733,2023-09-03,74.657,22.1,13.999999999999998,10.6,9.9,17.4,147.12062520332483,154.4467
734,2023-09-04,83.6,9.1,10.6,4.3,4.9,12.1,152.61301122317627,186.33203
735,2023-09-05,86.721,0.0,0.0,0.0,0.0,0.0,182.114568171843,160.8016
736,2023-09-06,103.485,0.0,0.0,0.0,0.0,0.0,151.99883540743508,144.57074
737,2023-09-07,86.372,0.0,2.5,4.8,2.4,2.2,140.00744856370954,137.50072
738,2023-09-08,79.558,0.0,0.0,0.0,0.0,0.0,122.15939376930618,131.12721
739,2023-09-09,69.416,0.0,0.0,0.0,0.0,0.0,97.21048104792418,113.64665
740,2023-09-10,55.239,0.0,0.0,0.0,0.0,0.0,77.41079020865854,102.28666
741,2023-09-11,43.988,0.0,0.0,2.9,0.0,5.2,71.26023297079227,92.341866
742,2023-09-12,40.493,0.0,0.0,0.0,0.0,0.0,74.470137520683,90.882576
743,2023-09-13,42.317,0.0,0.0,0.0,0.0,0.0,62.086311688675856,84.08464
744,2023-09-14,35.28,2.4,0.0,0.0,0.0,0.0,53.130607601837085,77.4428
745,2023-09-15,30.191,18.7,1.3,0.0,0.0,0.0,52.02016364844835,69.14071
746,2023-09-16,29.56,0.0,0.0,6.7,2.9,1.4,59.54865688552759,81.98384
747,2023-09-17,33.838,1.3,3.6,0.0,0.1,0.0,51.309197947705016,81.67348
748,2023-09-18,29.156,0.0,0.0,0.0,0.0,0.0,49.12526617883748,73.39589
749,2023-09-19,27.915,0.0,0.0,0.0,0.0,0.0,41.68476374630569,70.81685
750,2023-09-20,23.687,0.0,0.0,0.0,0.0,0.0,45.72706130721523,66.51535
751,2023-09-21,25.984,0.7,1.0,1.6,0.5,0.5,32.876884211106635,67.01213
752,2023-09-22,18.682,0.0,0.0,0.0,0.0,0.0,45.612673261303556,62.739826
753,2023-09-23,25.919,0.6,0.0,0.0,0.0,0.0,35.12592917533929,64.10576
754,2023-09-24,19.96,0.0,0.0,0.0,0.0,0.0,32.78361395828635,61.01389
755,2023-09-25,18.629,0.0,0.0,0.0,0.0,0.0,29.25694251202483,59.28291
756,2023-09-26,16.625,0.0,1.5,4.8,1.7,9.6,33.96621037140398,58.368366
757,2023-09-27,19.301,0.0,0.1,0.0,0.0,0.0,32.577715475645334,66.63619
758,2023-09-28,18.512,0.0,0.0,0.1,0.0,0.1,28.58645258137331,56.90965
759,2023-09-29,16.244,0.0,0.0,0.0,0.0,0.0,28.588212397464265,55.219803
760,2023-09-30,16.245,0.0,0.0,0.0,0.0,0.0,23.894782882903645,55.826267
761,2023-10-01,13.578,0.0,0.0,0.0,0.0,0.0,27.903643938085153,54.446705
762,2023-10-02,15.856,0.0,0.0,0.0,0.0,0.0,30.72638894796713,55.744194
763,2023-10-03,17.46,0.4,6.900000000000001,11.9,1.5,18.5,38.70363528823832,60.750427
764,2023-10-04,21.993,7.300000000000001,16.8,0.2,0.0,0.0,26.74040550196796,73.465294
765,2023-10-05,15.195,0.0,0.0,0.0,0.0,0.0,40.12732650581595,59.896797
766,2023-10-06,22.802,0.0,0.0,0.0,0.0,0.0,30.59440274114597,59.57871
767,2023-10-07,17.385,0.0,0.0,0.0,0.0,0.0,27.977556213905007,56.935776
768,2023-10-08,15.898,0.0,0.0,0.0,0.0,0.0,22.91632513633608,55.954773
769,2023-10-09,13.022,0.0,0.0,0.1,0.0,0.0,26.388442283778183,54.545166
770,2023-10-10,14.995,0.0,0.0,0.0,0.0,0.0,18.736761920332533,55.44056
771,2023-10-11,10.647,27.7,3.7999999999999994,8.1,11.4,15.2,35.740104991080436,48.654682
772,2023-10-12,20.309,19.9,9.2,0.0,0.0,0.0,55.63482589925732,78.415085
773,2023-10-13,31.614,4.1,1.5,9.5,10.3,21.3,65.81712180148743,83.83828
774,2023-10-14,37.4,8.0,23.899999999999995,54.4,49.4,43.6,526.348674090168,203.35185
775,2023-10-15,299.093,0.0,0.3,0.0,0.0,0.0,418.7306406803722,406.25348
776,2023-10-16,237.94,0.0,0.0,0.0,0.0,0.0,234.9636051991282,220.4577
777,2023-10-17,133.516,0.0,0.0,3.8,2.4,1.5,185.31919327346085,183.91219
778,2023-10-18,105.306,0.0,0.0,0.0,0.0,0.0,125.70190356038626,151.149
779,2023-10-19,71.429,0.0,0.0,0.0,0.0,0.0,102.69582780341179,124.16649
780,2023-10-20,58.356,0.0,0.0,0.0,0.0,0.0,80.89522606873729,113.909485
781,2023-10-21,45.967999999999996,0.0,0.0,0.0,0.0,0.0,68.16823609899511,103.004196
782,2023-10-22,38.736,0.0,0.0,0.0,0.0,0.0,67.9412198232627,92.955124
783,2023-10-23,38.607,0.0,0.0,0.0,0.0,0.0,59.62432897743839,88.05869
784,2023-10-24,33.881,0.0,0.0,5.6,5.1,4.4,62.51746663095832,86.86559
785,2023-10-25,35.525,0.0,0.2,0.0,0.0,0.0,52.914150222650385,87.89769
786,2023-10-26,30.068,0.0,0.0,0.0,0.0,0.0,46.78999022614834,74.69608
787,2023-10-27,26.588,0.0,0.0,0.0,0.0,0.0,48.59204190327997,71.794044
788,2023-10-28,27.612,0.0,0.0,0.0,0.0,0.0,48.67651307564552,71.19058
789,2023-10-29,27.66,0.0,0.0,0.0,0.0,0.0,52.65721707337185,69.77446
790,2023-10-30,29.922,0.0,0.0,0.0,0.0,0.0,20.792227114560802,69.93022
791,2023-10-31,11.815,0.4,0.6,0.6,0.4,1.1,30.687672993966252,57.404663
792,2023-11-01,17.438,0.0,0.0,0.0,0.0,0.0,39.57650406934896,59.451527
793,2023-11-02,22.489,0.0,0.0,0.0,0.0,0.0,30.701751522693847,61.222706
794,2023-11-03,17.446,0.0,0.0,0.0,0.0,0.0,27.238433455706485,57.67279
795,2023-11-04,15.478,0.0,0.0,4.1,5.9,2.8,41.93465763122043,59.219013
796,2023-11-05,23.829,0.0,0.2,0.0,0.0,0.0,26.956862881154667,65.60454
797,2023-11-06,15.318,0.0,0.2,0.0,0.0,0.0,28.69556117901214,56.227318
798,2023-11-07,16.306,0.0,0.0,0.0,0.0,0.0,26.538026651508837,57.022625
799,2023-11-08,15.08,0.0,0.0,0.0,0.0,0.0,15.071065002886053,56.473785
800,2023-11-09,8.564,0.0,0.0,0.0,0.0,0.1,10.917899028246739,51.642742
801,2023-11-10,6.204,0.0,0.0,0.0,0.0,0.0,37.28522351893354,49.077415
802,2023-11-11,21.187,0.0,0.0,0.0,0.0,0.0,30.522250281417065,57.764797
803,2023-11-12,17.344,0.0,0.0,0.0,0.0,0.0,22.632994745693313,56.29466
804,2023-11-13,12.861,0.3,10.7,6.7,7.7,6.6,22.295110056231135,55.306236
805,2023-11-14,12.669,0.0,0.0,0.0,0.0,0.0,34.9358690375168,66.0636
806,2023-11-15,19.852,0.0,0.0,0.0,0.0,0.0,31.032596947792232,58.17729
807,2023-11-16,17.634,0.0,0.0,0.0,0.0,0.0,30.41842113205108,57.329872
808,2023-11-17,17.285,22.4,4.8,0.0,0.0,0.0,33.290440992479624,50.110336
809,2023-11-18,18.917,66.6,92.2,14.4,8.4,19.3,57.22218001329319,66.319565
810,2023-11-19,32.516,11.5,0.3,0.0,0.1,0.2,120.08105096589559,194.76936
811,2023-11-20,68.235,0.0,0.0,0.0,0.0,0.0,81.79273227512121,109.22805
812,2023-11-21,46.478,38.2,11.9,17.100000000000005,8.2,18.0,91.29925879842696,93.321655
813,2023-11-22,51.88,38.1,26.3,36.7,21.1,37.3,211.67243923542006,181.8541
814,2023-11-23,120.281,0.4,0.7,0.9,3.3,2.0,219.8239073686952,267.3022
815,2023-11-24,124.913,0.0,0.0,0.0,0.0,0.0,136.792264565546,153.22342
816,2023-11-25,77.731,0.0,0.0,0.0,0.0,0.0,103.02667322851018,127.54475
817,2023-11-26,58.544,0.0,0.0,0.0,0.1,0.0,88.65777484591271,109.024864
818,2023-11-27,50.379,0.0,0.0,0.1,0.4,0.0,75.03679830196853,101.18462
819,2023-11-28,42.639,0.0,0.0,0.0,0.0,0.0,53.357623877569495,94.29011
820,2023-11-29,30.32,0.0,0.0,0.0,0.0,0.0,50.78477275260226,83.19625
821,2023-11-30,28.858,0.0,0.0,0.0,0.0,0.0,42.24614507931838,78.05506
822,2023-12-01,24.006,0.0,0.0,0.0,0.0,0.0,43.40586388325368,72.19192
823,2023-12-02,24.665,0.0,0.0,0.7,0.9,0.2,45.37685790511641,70.54367
824,2023-12-03,25.785,0.0,0.0,0.0,0.0,0.0,53.70606746357737,69.5643
825,2023-12-04,30.518,0.0,0.0,0.0,0.0,0.0,45.53172172111991,70.60668
826,2023-12-05,25.873,0.0,0.0,0.0,0.0,0.0,37.28346370284259,67.33408
827,2023-12-06,21.186,0.0,0.0,0.0,0.0,0.0,36.75727869164888,63.093475
828,2023-12-07,20.887,0.7,2.3,9.9,6.8,8.5,51.35671298216064,67.45837
829,2023-12-08,,,,,,,,
830,2023-12-09,,,,,,,,
831,2023-12-10,,,,,,,,
832,2023-12-11,,,,,,,,
833,2023-12-12,,,,,,,,
834,2023-12-13,,,,,,,,
835,2023-12-14,,,,,,,,
836,2023-12-15,,,,,,,,
837,2023-12-16,,,,,,,,
838,2023-12-17,,,,,,,,
839,2023-12-18,,,,,,,,
840,2023-12-19,,,,,,,,
841,2023-12-20,,,,,,,,
842,2023-12-21,,,,,,,,
843,2023-12-22,,,,,,,,
844,2023-12-23,,,,,,,,
845,2023-12-24,,,,,,,,
846,2023-12-25,,,,,,,,
847,2023-12-26,,,,,,,,
848,2023-12-27,,,,,,,,
849,2023-12-28,,,,,,,,
850,2023-12-29,,,,,,,,
851,2023-12-30,,,,,,,,
852,2023-12-31,,,,,,,,
