,0,0,0
0,2019-01-14,9.1,-33.16255
1,2019-01-15,3.3,-33.16255
2,2019-01-16,9.1,-33.02759
3,2019-01-17,3.2,-32.69775
4,2019-01-18,9.1,-32.701942
5,2019-01-19,9.1,-32.921764
6,2019-01-20,3.2,-32.98025
7,2019-01-21,3.3,-33.01391
8,2019-01-22,14.999999999999998,-32.871334
9,2019-01-23,3.3,-32.316704
10,2019-01-24,9.1,-32.515118
11,2019-01-25,9.415,-32.857872
12,2019-01-26,3.257,-32.785923
13,2019-01-27,9.112,-32.821014
14,2019-01-28,3.273,-33.08928
15,2019-01-29,9.145,-32.519974
16,2019-01-30,3.305,-31.742212
17,2019-01-31,3.252,-32.29971
18,2019-02-01,9.16,-31.363264
19,2019-02-02,3.3,-33.019318
20,2019-02-03,9.142,-30.941498
21,2019-02-04,14.983,48.9909
22,2019-02-05,14.981000000000002,77.74406
23,2019-02-06,9.156,26.025536
24,2019-02-07,9.124,-1.4537778
25,2019-02-08,14.964,10.672587
26,2019-02-09,9.155,-5.530734
27,2019-02-10,3.271,-9.354432
28,2019-02-11,3.317,-15.9398
29,2019-02-12,9.158,-27.809486
30,2019-02-13,9.167,-31.895382
31,2019-02-14,3.283,-17.655994
32,2019-02-15,3.328,-24.927975
33,2019-02-16,9.178,-20.5129
34,2019-02-17,9.158,-14.4662695
35,2019-02-18,3.289,-26.434721
36,2019-02-19,9.123,-30.051178
37,2019-02-20,9.132,-3.3204927
38,2019-02-21,9.179,13.9773
39,2019-02-22,9.147,-12.520432
40,2019-02-23,3.339,-21.75447
41,2019-02-24,9.172,-25.841358
42,2019-02-25,9.178,-32.26274
43,2019-02-26,3.359,-30.540037
44,2019-02-27,15.001,-29.835218
45,2019-02-28,3.371,-32.596115
46,2019-03-01,9.194,-31.860178
47,2019-03-02,11.16,-30.136591
48,2019-03-03,5.594,-30.708103
49,2019-03-04,11.36,-30.96125
50,2019-03-05,5.577,-31.546999
51,2019-03-06,11.363,-33.16255
52,2019-03-07,11.406,-32.586075
53,2019-03-08,11.378,-12.485671
54,2019-03-09,11.411,-11.47584
55,2019-03-10,11.349,-23.022194
56,2019-03-11,11.402,-27.288294
57,2019-03-12,11.399,-30.35233
58,2019-03-13,5.553,-29.23667
59,2019-03-14,11.41,-20.885006
60,2019-03-15,5.606,-26.692944
61,2019-03-16,11.358,-17.59486
62,2019-03-17,11.381,6.123876
63,2019-03-18,5.571,-19.138134
64,2019-03-19,11.446,-29.0611
65,2019-03-20,5.564,-25.9111
66,2019-03-21,22.992,46.020775
67,2019-03-22,46.266,128.74777
68,2019-03-23,63.829,84.83252
69,2019-03-24,34.693,32.51324
70,2019-03-25,23.082,14.523984
71,2019-03-26,28.888,-13.783963
72,2019-03-27,23.049,-21.116634
73,2019-03-28,17.239,-17.40031
74,2019-03-29,17.194,-25.731668
75,2019-03-30,23.085,-32.52163
76,2019-03-31,23.068,-6.0039234
77,2019-04-01,23.108,2.7154326
78,2019-04-02,17.845,-12.556958
79,2019-04-03,11.912,-17.647718
80,2019-04-04,17.868,-22.305899
81,2019-04-05,11.958,-28.323175
82,2019-04-06,17.863,-26.871824
83,2019-04-07,23.67,-2.2366152
84,2019-04-08,11.974,18.630514
85,2019-04-09,18.098,-13.739491
86,2019-04-10,30.079999999999995,18.398996
87,2019-04-11,24.209,80.83491
88,2019-04-12,23.774,30.13957
89,2019-04-13,29.607,4.7970033
90,2019-04-14,23.689,-15.475108
91,2019-04-15,35.481,-14.2669735
92,2019-04-16,28.996999999999996,-21.312069
93,2019-04-17,23.111,-12.49174
94,2019-04-18,34.859,-19.837545
95,2019-04-19,23.212,-20.092567
96,2019-04-20,23.302,-12.317936
97,2019-04-21,29.509,-17.341492
98,2019-04-22,17.823,-14.080037
99,2019-04-23,23.633,-35.39939
100,2019-04-24,17.895,-16.555344
101,2019-04-25,41.062,6.0258837
102,2019-04-26,29.278999999999996,90.14172
103,2019-04-27,34.903,112.22598
104,2019-04-28,52.935,70.726
105,2019-04-29,47.076,22.077692
106,2019-04-30,41.227,-9.434327
107,2019-05-01,35.373,-22.704823
108,2019-05-02,27.485,-28.884537
109,2019-05-03,21.869,-22.584538
110,2019-05-04,22.366,-29.795603
111,2019-05-05,28.597,-21.740566
112,2019-05-06,11.505,-13.092277
113,2019-05-07,17.54,-20.747288
114,2019-05-08,6.392,-18.533514
115,2019-05-09,12.313,-30.206001
116,2019-05-10,12.558,-21.485764
117,2019-05-11,12.891,-32.99526
118,2019-05-12,12.537,-33.31131
119,2019-05-13,7.72,-32.911392
120,2019-05-14,8.081,-31.23658
121,2019-05-15,13.98,-32.492165
122,2019-05-16,6.592,-32.3934
123,2019-05-17,1.1,-32.66663
124,2019-05-18,12.551,-33.025608
125,2019-05-19,7.882999999999999,-33.22446
126,2019-05-20,8.233,-2.119973
127,2019-05-21,8.472,37.155643
128,2019-05-22,14.162,12.397389
129,2019-05-23,3.41,-10.990622
130,2019-05-24,9.021,-16.603788
131,2019-05-25,3.794,-26.198898
132,2019-05-26,9.406,-34.054527
133,2019-05-27,4.255,-26.859024
134,2019-05-28,4.467,-5.116693
135,2019-05-29,4.723,6.0512643
136,2019-05-30,4.91,-4.181901
137,2019-05-31,5.094,-15.253852
138,2019-06-01,0.0,-19.630856
139,2019-06-02,5.463,-23.869257
140,2019-06-03,5.683,-34.194233
141,2019-06-04,0.69,-28.647388
142,2019-06-05,6.187,-30.078104
143,2019-06-06,1.226,-31.1494
144,2019-06-07,1.493,13.047142
145,2019-06-08,43.203,185.29228
146,2019-06-09,53.705,272.71494
147,2019-06-10,33.013,126.00835
148,2019-06-11,17.518,69.20811
149,2019-06-12,2.249,42.301247
150,2019-06-13,28.216,-20.337992
151,2019-06-14,7.758,-6.399756
152,2019-06-15,13.115,-17.641428
153,2019-06-16,23.464,15.056873
154,2019-06-17,8.399,46.81288
155,2019-06-18,23.811,27.437931
156,2019-06-19,28.776,76.79338
157,2019-06-20,24.09,139.76274
158,2019-06-21,34.397,71.49372
159,2019-06-22,24.09,97.95509
160,2019-06-23,34.397,82.23213
161,2019-06-24,14.608,31.451546
162,2019-06-25,44.612,8.175321
163,2019-06-26,9.988,6.8117003
164,2019-06-27,10.13,-13.432382
165,2019-06-28,10.43,-35.19491
166,2019-06-29,0.758,22.949362
167,2019-06-30,10.799,-0.9017969
168,2019-07-01,11.012,-9.35057
169,2019-07-02,9.178,-10.031883
170,2019-07-03,4.518,-27.26534
171,2019-07-04,4.71,-25.607412
172,2019-07-05,4.906,-26.203533
173,2019-07-06,5.18,-31.04247
174,2019-07-07,5.326,-34.50874
175,2019-07-08,0.751,-29.07732
176,2019-07-09,0.9970000000000001,-23.994175
177,2019-07-10,1.28,-25.809797
178,2019-07-11,6.277,16.27516
179,2019-07-12,77.418,97.837456
180,2019-07-13,86.885,95.50445
181,2019-07-14,38.857,27.526545
182,2019-07-15,29.354,-14.045718
183,2019-07-16,24.865,57.379585
184,2019-07-17,48.336,52.835564
185,2019-07-18,38.86,91.12121
186,2019-07-19,29.490000000000002,42.219917
187,2019-07-20,24.982,40.296703
188,2019-07-21,20.326,67.92935
189,2019-07-22,25.213,105.094925
190,2019-07-23,53.212,97.8198
191,2019-07-24,44.049,6.3268137
192,2019-07-25,34.779,52.710976
193,2019-07-26,25.612,17.833773
194,2019-07-27,319.502,331.5045
195,2019-07-28,350.144,446.7755
196,2019-07-29,176.649,363.24646
197,2019-07-30,225.176,261.5191
198,2019-07-31,139.388,122.79876
199,2019-08-01,144.322,132.17068
200,2019-08-02,188.394,252.41457
201,2019-08-03,154.806,256.26752
202,2019-08-04,101.226,57.069164
203,2019-08-05,76.825,54.32631
204,2019-08-06,57.22,21.844849
205,2019-08-07,47.554,-10.602624
206,2019-08-08,696.082,435.3277
207,2019-08-09,477.327,582.134
208,2019-08-10,225.702,272.41394
209,2019-08-11,144.013,115.06247
210,2019-08-12,97.715,86.495804
211,2019-08-13,97.715,104.667366
212,2019-08-14,87.352,235.76157
213,2019-08-15,66.759,125.64462
214,2019-08-16,134.044,176.00223
215,2019-08-17,301.198,277.0773
216,2019-08-18,155.852,181.2273
217,2019-08-19,108.652,31.692333
218,2019-08-20,76.704,49.747032
219,2019-08-21,56.147,-6.7716427
220,2019-08-22,45.459,15.715565
221,2019-08-23,40.517,44.91295
222,2019-08-24,35.345,66.54884
223,2019-08-25,30.026999999999997,106.66838
224,2019-08-26,30.186,80.91751
225,2019-08-27,23.434,66.36737
226,2019-08-28,24.53,-36.711475
227,2019-08-29,24.261,83.62864
228,2019-08-30,19.434,12.9305
229,2019-08-31,19.505,6.677843
230,2019-09-01,19.545,-3.4150646
231,2019-09-02,13.833,-17.969395
232,2019-09-03,19.109,-23.962835
233,2019-09-04,19.166,13.245335
234,2019-09-05,19.187,77.36197
235,2019-09-06,65.545,336.21368
236,2019-09-07,148.089,328.6351
237,2019-09-08,75.541,196.94948
238,2019-09-09,60.483,93.54184
239,2019-09-10,50.172,40.829704
240,2019-09-11,112.601,296.92905
241,2019-09-12,581.673,402.8518
242,2019-09-13,295.849,321.9022
243,2019-09-14,162.96,145.33717
244,2019-09-15,103.942,82.0623
245,2019-09-16,82.417,38.572453
246,2019-09-17,71.788,1.7286646
247,2019-09-18,50.289,33.069416
248,2019-09-19,44.975,-21.36868
249,2019-09-20,39.506,-13.393207
250,2019-09-21,34.019,-3.0376606
251,2019-09-22,33.995,-12.643033
252,2019-09-23,45.03,174.3193
253,2019-09-24,180.608,258.15454
254,2019-09-25,98.564,85.85174
255,2019-09-26,76.808,23.22756
256,2019-09-27,49.428,2.646242
257,2019-09-28,44.004,-45.99749
258,2019-09-29,38.504,-13.788266
259,2019-09-30,27.572,-21.609358
260,2019-10-01,33.211,-27.033821
261,2019-10-02,27.564,-9.845167
262,2019-10-03,38.543,94.56701
263,2019-10-04,268.601,285.8519
264,2019-10-05,216.43,252.85321
265,2019-10-06,122.714,124.74967
266,2019-10-07,89.076,49.517277
267,2019-10-08,66.521,45.039635
268,2019-10-09,60.878,10.898147
269,2019-10-10,49.745,19.12147
270,2019-10-11,43.93,-11.788798
271,2019-10-12,38.335,7.073897
272,2019-10-13,32.697,25.570774
273,2019-10-14,27.068,9.423402
274,2019-10-15,27.135,38.441685
275,2019-10-16,21.438,-30.561888
276,2019-10-17,27.084,3.9810603
277,2019-10-18,21.487,-37.177273
278,2019-10-19,21.508,-9.727532
279,2019-10-20,15.964999999999998,-30.166054
280,2019-10-21,21.583,-29.511114
281,2019-10-22,15.662,-29.197495
282,2019-10-23,15.954,-25.677595
283,2019-10-24,21.604,-16.520031
284,2019-10-25,10.895,-22.056725
285,2019-10-26,10.937,-24.676702
286,2019-10-27,16.451,-34.673054
287,2019-10-28,11.044,-23.995941
288,2019-10-29,11.042,-23.252941
289,2019-10-30,16.565,-17.503159
290,2019-10-31,11.126,-17.664713
291,2019-11-01,11.161,-26.960548
292,2019-11-02,12.037,-28.063517
293,2019-11-03,12.071,-30.561005
294,2019-11-04,12.064,-27.55336
295,2019-11-05,12.083,-7.9847426
296,2019-11-06,17.546,-26.254517
297,2019-11-07,12.121,-30.726643
298,2019-11-08,12.117,-28.214699
299,2019-11-09,12.123,-32.784817
300,2019-11-10,12.166,-29.982319
301,2019-11-11,12.244,-29.891277
302,2019-11-12,6.835,-24.131231
303,2019-11-13,12.311,-29.074673
304,2019-11-14,12.24,3.793241
305,2019-11-15,6.879,15.954256
306,2019-11-16,12.234,0.44858104
307,2019-11-17,6.905,5.3387213
308,2019-11-18,33.993,102.9776
309,2019-11-19,82.504,234.13625
310,2019-11-20,77.108,179.3827
311,2019-11-21,50.114,73.97587
312,2019-11-22,39.263,27.0677
313,2019-11-23,28.483,-2.2890325
314,2019-11-24,23.048,-21.599756
315,2019-11-25,23.09,-12.66102
316,2019-11-26,28.488,-1.6098156
317,2019-11-27,23.049,-25.007538
318,2019-11-28,17.688,5.879998
319,2019-11-29,23.038,-10.88954
320,2019-11-30,12.299,-16.10886
321,2019-12-01,17.828,-21.979147
322,2019-12-02,19.068,-15.139196
323,2019-12-03,13.703,-13.918262
324,2019-12-04,19.077,-3.6333408
325,2019-12-05,8.334,18.421507
326,2019-12-06,13.771,-8.614963
327,2019-12-07,8.321,4.7034245
328,2019-12-08,8.447,-23.799845
329,2019-12-09,13.831,16.170877
330,2019-12-10,8.436,-31.866468
331,2019-12-11,13.927,-19.559347
332,2019-12-12,8.613,-4.8635454
333,2019-12-13,13.963,-25.494522
334,2019-12-14,3.293,-27.947096
335,2019-12-15,14.026,-27.254967
336,2019-12-16,14.082,-25.499376
337,2019-12-17,3.6600000000000006,-30.1239
338,2019-12-18,8.867,-21.048218
339,2019-12-19,14.176,-12.111798
340,2019-12-20,8.909,-25.43151
341,2019-12-21,9.001,-25.377108
342,2019-12-22,8.996,-29.900326
343,2019-12-23,3.7829999999999995,-31.22775
344,2019-12-24,9.231,-25.756277
345,2019-12-25,9.161,-19.443588
346,2019-12-26,9.17,-25.191936
347,2019-12-27,4.005,-28.244604
348,2019-12-28,9.27,-23.258238
349,2019-12-29,4.094,-28.84492
350,2019-12-30,9.345,-28.337963
351,2019-12-31,4.143,-32.454094
352,2020-01-01,9.408,-26.314106
353,2020-01-02,3.7980000000000005,-32.156803
354,2020-01-03,3.8849999999999993,-31.698072
355,2020-01-04,9.089,-32.401566
356,2020-01-05,9.046,-32.153606
357,2020-01-06,9.273,-32.85655
358,2020-01-07,4.164,-31.532433
359,2020-01-08,50.441,237.45999
360,2020-01-09,428.951,491.24533
361,2020-01-10,213.126,302.21997
362,2020-01-11,113.832,154.69363
363,2020-01-12,82.259,72.65523
364,2020-01-13,66.442,-4.4403453
365,2020-01-14,50.669,-17.294703
366,2020-01-15,40.044,5.363109
367,2020-01-16,29.479,-18.746605
368,2020-01-17,29.511000000000003,-17.447872
369,2020-01-18,29.462999999999997,19.860939
370,2020-01-19,29.491,7.8988886
371,2020-01-20,24.212,-7.9079375
372,2020-01-21,24.195,1.2223696
373,2020-01-22,19.047,-18.319542
374,2020-01-23,24.243,-35.068554
375,2020-01-24,19.04,-32.60053
376,2020-01-25,24.285,-29.060328
377,2020-01-26,13.824,-29.724426
378,2020-01-27,24.32,-18.828045
379,2020-01-28,8.702,-14.087431
380,2020-01-29,19.191,-0.28029418
381,2020-01-30,19.21,-12.914168
382,2020-01-31,14.016,-18.098728
383,2020-02-01,19.275,-11.7774315
384,2020-02-02,18.375,-24.681005
385,2020-02-03,13.252,-28.15224
386,2020-02-04,13.273,-29.248697
387,2020-02-05,8.142,-25.845772
388,2020-02-06,13.333,-27.752655
389,2020-02-07,13.368,-23.47563
390,2020-02-08,8.234,-28.754763
391,2020-02-09,13.472,-23.777002
392,2020-02-10,13.52,-34.46217
393,2020-02-11,8.417,-31.88225
394,2020-02-12,18.72,-35.241035
395,2020-02-13,8.562,-20.244413
396,2020-02-14,13.692,-14.331199
397,2020-02-15,23.957,-25.570333
398,2020-02-16,18.904,-25.751642
399,2020-02-17,29.102,22.413052
400,2020-02-18,29.098000000000003,46.25803
401,2020-02-19,18.91,8.38852
402,2020-02-20,13.89,-11.311747
403,2020-02-21,24.077,-20.10901
404,2020-02-22,13.934,-22.586744
405,2020-02-23,24.135,1.6454593
406,2020-02-24,24.129,9.204353
407,2020-02-25,14.01,-13.198545
408,2020-02-26,44.392,107.36641
409,2020-02-27,44.382,169.08162
410,2020-02-28,39.348,69.054
411,2020-02-29,34.278,36.635334
412,2020-03-01,39.361,17.362349
413,2020-03-02,31.319,-19.442154
414,2020-03-03,41.336,-1.1434678
415,2020-03-04,41.364,2.8193843
416,2020-03-05,36.297,-18.110977
417,2020-03-06,36.298,-12.427516
418,2020-03-07,31.255,-6.420392
419,2020-03-08,31.245000000000005,-19.388632
420,2020-03-09,31.231,-20.07734
421,2020-03-10,26.164,-27.78234
422,2020-03-11,41.323,11.196649
423,2020-03-12,86.837,38.035698
424,2020-03-13,66.643,-1.3364736
425,2020-03-14,46.43,-22.470655
426,2020-03-15,36.294,-22.918905
427,2020-03-16,36.347,-31.199612
428,2020-03-17,31.234,-23.905672
429,2020-03-18,31.234,-17.1465
430,2020-03-19,26.181,-20.300251
431,2020-03-20,31.228999999999996,-16.95493
432,2020-03-21,31.218000000000004,-16.267324
433,2020-03-22,26.156,-10.153822
434,2020-03-23,31.225,-19.755552
435,2020-03-24,41.335,-16.152117
436,2020-03-25,36.283,-28.789522
437,2020-03-26,36.289,-30.436527
438,2020-03-27,31.242000000000004,-32.92982
439,2020-03-28,41.36,-18.54146
440,2020-03-29,51.48,-7.7161455
441,2020-03-30,41.371,-21.537739
442,2020-03-31,36.285,-26.855604
443,2020-04-01,31.225999999999996,-29.506039
444,2020-04-02,35.065,-12.257794
445,2020-04-03,29.992000000000004,-10.35367
446,2020-04-04,40.137,-19.865795
447,2020-04-05,30.000999999999998,-25.14327
448,2020-04-06,24.902,-27.442125
449,2020-04-07,24.424,-31.975056
450,2020-04-08,24.623,-28.30872
451,2020-04-09,24.924,-32.82035
452,2020-04-10,19.873,-32.510925
453,2020-04-11,19.749,-33.13684
454,2020-04-12,19.532,-33.027153
455,2020-04-13,30.15,23.24389
456,2020-04-14,35.121,37.98174
457,2020-04-15,40.106,-4.8072658
458,2020-04-16,40.13,-12.769166
459,2020-04-17,35.064,-19.295937
460,2020-04-18,40.124,7.552935
461,2020-04-19,40.145,27.705976
462,2020-04-20,40.134,36.295116
463,2020-04-21,50.289,52.959045
464,2020-04-22,55.38,7.714049
465,2020-04-23,40.163,-16.316212
466,2020-04-24,40.166,-29.219234
467,2020-04-25,40.172,-30.934546
468,2020-04-26,29.999,-36.793686
469,2020-04-27,29.989000000000004,-24.847307
470,2020-04-28,24.89,-15.938477
471,2020-04-29,24.91,-23.843433
472,2020-04-30,19.735,-21.150183
473,2020-05-01,24.754,-26.774164
474,2020-05-02,19.68,-29.069155
475,2020-05-03,24.766,-29.54698
476,2020-05-04,24.756,-32.385456
477,2020-05-05,24.831,-32.583755
478,2020-05-06,14.777,-32.39892
479,2020-05-07,19.861,-31.87596
480,2020-05-08,14.798,-32.38413
481,2020-05-09,19.874,-7.787433
482,2020-05-10,60.37299999999999,207.71951
483,2020-05-11,111.296,279.18277
484,2020-05-12,86.049,130.98677
485,2020-05-13,70.848,60.69202
486,2020-05-14,55.628,27.178493
487,2020-05-15,45.422,-24.072084
488,2020-05-16,45.366,38.02941
489,2020-05-17,45.392,82.578804
490,2020-05-18,40.274,9.431016
491,2020-05-19,50.518,132.87291
492,2020-05-20,329.592,363.44638
493,2020-05-21,327.784,231.77972
494,2020-05-22,198.596,143.58136
495,2020-05-23,125.32199999999999,57.106407
496,2020-05-24,98.999,-9.409057
497,2020-05-25,93.861,25.874132
498,2020-05-26,77.918,88.41621
499,2020-05-27,67.2,67.3783
500,2020-05-28,61.977999999999994,50.08228
501,2020-05-29,51.468,93.13458
502,2020-05-30,46.123,26.451826
503,2020-05-31,40.75,12.580794
504,2020-06-01,35.369,-33.54713
505,2020-06-02,29.390999999999995,29.76327
506,2020-06-03,24.032,-21.520304
507,2020-06-04,29.465999999999998,-26.13677
508,2020-06-05,18.675,-25.56283
509,2020-06-06,29.47,-25.418158
510,2020-06-07,18.704,-30.371088
511,2020-06-08,13.428,-32.12359
512,2020-06-09,18.733,-32.4723
513,2020-06-10,13.47,-33.092148
514,2020-06-11,13.42,-30.67555
515,2020-06-12,13.528,-14.321267
516,2020-06-13,13.492,-28.580736
517,2020-06-14,8.327,-30.692764
518,2020-06-15,13.537,-29.25929
519,2020-06-16,8.327,-23.454222
520,2020-06-17,8.313,-29.177961
521,2020-06-18,8.407,-31.054056
522,2020-06-19,13.676,-32.911613
523,2020-06-20,8.486,-35.51945
524,2020-06-21,3.171,-33.025276
525,2020-06-22,8.505,-29.125214
526,2020-06-23,3.282,-32.043804
527,2020-06-24,8.65,-36.162693
528,2020-06-25,34.898,156.36095
529,2020-06-26,34.633,245.04211
530,2020-06-27,29.138,148.06187
531,2020-06-28,29.259000000000004,65.00005
532,2020-06-29,24.406,36.301296
533,2020-06-30,24.421,-3.370041
534,2020-07-01,293.061,124.046234
535,2020-07-02,298.993,255.26733
536,2020-07-03,123.90099999999998,138.95203
537,2020-07-04,69.89,32.53123
538,2020-07-05,42.998,24.116003
539,2020-07-06,38.122,-29.093431
540,2020-07-07,17.99,19.665617
541,2020-07-08,22.055,26.963417
542,2020-07-09,21.977,23.048126
543,2020-07-10,16.673,77.55503
544,2020-07-11,22.007,27.37757
545,2020-07-12,38.189,54.309868
546,2020-07-13,32.715,-51.65016
547,2020-07-14,75.824,131.53157
548,2020-07-15,275.96,255.211
549,2020-07-16,163.329,196.9278
550,2020-07-17,81.756,98.44439
551,2020-07-18,59.90999999999999,79.056366
552,2020-07-19,43.195,36.055874
553,2020-07-20,38.221,66.066666
554,2020-07-21,38.223,69.3722
555,2020-07-22,32.671,56.719734
556,2020-07-23,27.118,-9.755562
557,2020-07-24,52.774,228.56572
558,2020-07-25,711.778,500.07098
559,2020-07-26,1208.287,374.29993
560,2020-07-27,563.598,260.17148
561,2020-07-28,242.313,155.58148
562,2020-07-29,146.961,80.21722
563,2020-07-30,135.231,74.44597
564,2020-07-31,117.93599999999999,169.14601
565,2020-08-01,93.851,71.200905
566,2020-08-02,100.207,116.70324
567,2020-08-03,157.78,359.30182
568,2020-08-04,1326.889,692.7877
569,2020-08-05,1761.573,1884.6315
570,2020-08-06,3373.14,2037.9686
571,2020-08-07,2263.252,1333.4612
572,2020-08-08,729.261,1127.8408
573,2020-08-09,336.122,638.447
574,2020-08-10,986.241,623.9513
575,2020-08-11,721.926,626.3776
576,2020-08-12,1335.359,738.46027
577,2020-08-13,688.423,668.0388
578,2020-08-14,322.448,486.43686
579,2020-08-15,207.513,345.90982
580,2020-08-16,354.279,288.99786
581,2020-08-17,337.363,414.15164
582,2020-08-18,201.123,135.12845
583,2020-08-19,130.227,135.82323
584,2020-08-20,96.507,38.925247
585,2020-08-21,84.277,-21.595232
586,2020-08-22,66.266,51.95694
587,2020-08-23,86.094,277.25797
588,2020-08-24,358.101,261.77484
589,2020-08-25,165.045,82.17144
590,2020-08-26,111.37,46.207047
591,2020-08-27,80.907,31.82597
592,2020-08-28,87.978,50.597294
593,2020-08-29,94.986,103.921165
594,2020-08-30,107.697,172.67336
595,2020-08-31,127.791,228.24504
596,2020-09-01,120.659,150.44669
597,2020-09-02,97.222,91.60913
598,2020-09-03,106.504,228.70222
599,2020-09-04,2660.614,669.7805
600,2020-09-05,674.02,593.573
601,2020-09-06,277.855,259.337
602,2020-09-07,170.171,207.63857
603,2020-09-08,1436.162,376.78357
604,2020-09-09,782.183,435.5019
605,2020-09-10,391.154,307.26483
606,2020-09-11,246.78499999999997,196.48103
607,2020-09-12,179.445,143.74236
608,2020-09-13,200.112,113.82978
609,2020-09-14,300.341,238.36288
610,2020-09-15,206.815,49.639877
611,2020-09-16,137.972,114.577415
612,2020-09-17,126.018,164.24234
613,2020-09-18,106.516,81.38678
614,2020-09-19,80.82,68.229454
615,2020-09-20,67.913,-18.775738
616,2020-09-21,61.796,65.88596
617,2020-09-22,52.247,-11.377074
618,2020-09-23,43.768,-14.925554
619,2020-09-24,38.973,-12.865613
620,2020-09-25,39.755,-10.550869
621,2020-09-26,100.174,3.795448
622,2020-09-27,86.854,47.002796
623,2020-09-28,80.4,-3.1788008
624,2020-09-29,56.674,-12.911078
625,2020-09-30,45.125,-18.235233
626,2020-10-01,43.926,-25.322702
627,2020-10-02,42.799,-12.540185
628,2020-10-03,42.908,-20.947577
629,2020-10-04,36.667,-18.60723
630,2020-10-05,30.448,-17.540346
631,2020-10-06,30.614,-23.06159
632,2020-10-07,23.299,-25.934164
633,2020-10-08,23.4,-33.746758
634,2020-10-09,23.5,-40.564087
635,2020-10-10,11.062,-29.693857
636,2020-10-11,23.69,-31.760862
637,2020-10-12,17.55,-32.317146
638,2020-10-13,17.657,-35.0019
639,2020-10-14,17.765,-34.90347
640,2020-10-15,17.865,-32.840546
641,2020-10-16,11.798,-33.05154
642,2020-10-17,11.926,-33.417686
643,2020-10-18,12.052,-33.125034
644,2020-10-19,18.329,-33.16255
645,2020-10-20,12.275,-33.16255
646,2020-10-21,18.575,-33.16255
647,2020-10-22,12.559,-33.16255
648,2020-10-23,24.848,-33.16255
649,2020-10-24,37.206,-33.16255
650,2020-10-25,18.973,-33.16255
651,2020-10-26,12.985,-33.16255
652,2020-10-27,7.052,-33.16255
653,2020-10-28,7.216,-33.16255
654,2020-10-29,6.556,-33.16255
655,2020-10-30,12.789,-33.16255
656,2020-10-31,6.866,-33.16255
657,2020-11-01,7.028,-33.16255
658,2020-11-02,5.486,-27.396217
659,2020-11-03,11.702,-24.87942
660,2020-11-04,5.789,-28.446991
661,2020-11-05,5.987,-30.234362
662,2020-11-06,6.158,-31.42771
663,2020-11-07,6.274,-32.548115
664,2020-11-08,5.743,-33.134304
665,2020-11-09,0.666,-32.44659
666,2020-11-10,12.737,-33.03653
667,2020-11-11,8.822,-33.194775
668,2020-11-12,4.868,-32.475502
669,2020-11-13,6.778,-32.852573
670,2020-11-14,6.857,-32.40708
671,2020-11-15,6.902,-32.692013
672,2020-11-16,6.943,-33.07924
673,2020-11-17,7.039,-33.18407
674,2020-11-18,7.097,-33.16255
675,2020-11-19,13.018,-7.6449685
676,2020-11-20,89.469,263.16946
677,2020-11-21,65.963,349.9519
678,2020-11-22,30.654000000000003,173.09363
679,2020-11-23,24.766,94.84278
680,2020-11-24,24.783,61.374218
681,2020-11-25,13.08,-2.8147495
682,2020-11-26,18.97,-17.027761
683,2020-11-27,13.188,-0.786479
684,2020-11-28,7.323000000000001,-34.19225
685,2020-11-29,13.241,-27.579844
686,2020-11-30,7.489000000000001,3.1037614
687,2020-12-01,13.311,-10.820349
688,2020-12-02,3.402,-3.4582121
689,2020-12-03,8.625,-16.62961
690,2020-12-04,9.032,-32.721916
691,2020-12-05,9.416,-30.380909
692,2020-12-06,0.23700000000000002,-31.821224
693,2020-12-07,3.81,-32.54061
694,2020-12-08,9.253,-32.46226
695,2020-12-09,9.271,-33.66675
696,2020-12-10,9.253,-31.749054
697,2020-12-11,9.214,-33.01744
698,2020-12-12,9.186,-33.14887
699,2020-12-13,9.242,-33.1396
700,2020-12-14,9.233,-16.28189
701,2020-12-15,3.437,-5.2476807
702,2020-12-16,3.475,-20.432232
703,2020-12-17,3.465,-26.11768
704,2020-12-18,3.488,-28.416533
705,2020-12-19,3.501,-32.20006
706,2020-12-20,1.446,-32.258327
707,2020-12-21,7.252,-31.279396
708,2020-12-22,1.473,-33.679882
709,2020-12-23,1.664,-34.426525
710,2020-12-24,7.4319999999999995,-31.286348
711,2020-12-25,1.794,-31.465008
712,2020-12-26,1.8300000000000003,-30.707882
713,2020-12-27,7.6129999999999995,-32.91106
714,2020-12-28,7.672999999999999,-33.228764
715,2020-12-29,7.735,-33.019096
716,2020-12-30,2.103,-25.574085
717,2020-12-31,2.26,-26.027521
718,2021-01-01,0.0,-29.875608
719,2021-01-02,0.0,-30.868666
720,2021-01-03,10.635,-32.187374
721,2021-01-04,0.0,-33.442738
722,2021-01-05,0.0,-31.417667
723,2021-01-06,5.213,-30.250362
724,2021-01-07,0.0,-27.440138
725,2021-01-08,0.0,-22.806677
726,2021-01-09,0.0,-24.28782
727,2021-01-10,0.0,-29.885319
728,2021-01-11,0.0,-30.30245
729,2021-01-12,0.0,-32.31847
730,2021-01-13,50.626,-30.510242
731,2021-01-14,0.359,-28.322182
732,2021-01-15,33.576,-30.636044
733,2021-01-16,0.0,-31.764172
734,2021-01-17,6.113,-30.292076
735,2021-01-18,0.668,-30.28987
736,2021-01-19,0.812,-19.913687
737,2021-01-20,0.858,-14.031152
738,2021-01-21,0.946,-24.028494
739,2021-01-22,6.474,-13.883721
740,2021-01-23,6.598,-5.6390996
741,2021-01-24,1.222,-19.703026
742,2021-01-25,6.752,-25.781216
743,2021-01-26,6.775,-27.379223
744,2021-01-27,6.846,-23.794989
745,2021-01-28,6.924,-21.806887
746,2021-01-29,7.002,-15.720421
747,2021-01-30,0.0,-16.349869
748,2021-01-31,7.238,-21.10902
749,2021-02-01,1.9,-18.629301
750,2021-02-02,0.679,-23.498804
751,2021-02-03,6.191,-22.134853
752,2021-02-04,1.081,-21.421427
753,2021-02-05,6.544,-12.357883
754,2021-02-06,1.468,-14.004888
755,2021-02-07,4.055,-22.396057
756,2021-02-08,4.198,-24.909876
757,2021-02-09,9.542,-29.494562
758,2021-02-10,0.0,-31.252802
759,2021-02-11,9.824,-32.196644
760,2021-02-12,4.805,-31.2272
761,2021-02-13,4.884,-32.619843
762,2021-02-14,5.044,-31.215391
763,2021-02-15,0.019,-31.267258
764,2021-02-16,5.382,-27.634909
765,2021-02-17,5.476,-26.216223
766,2021-02-18,5.619,-30.30245
767,2021-02-19,0.662,-31.643778
768,2021-02-20,0.85,-32.36096
769,2021-02-21,6.058,-33.038074
770,2021-02-22,1.186,-32.99846
771,2021-02-23,1.309,-32.783604
772,2021-02-24,11.585,-33.51237
773,2021-02-25,1.614,-33.51303
774,2021-02-26,6.816,-32.943615
775,2021-02-27,1.94,-33.21486
776,2021-02-28,2.169,-31.5566
777,2021-03-01,2.268,-32.07658
778,2021-03-02,59.932,288.78537
779,2021-03-03,35.111,455.233
780,2021-03-04,22.067,216.4829
781,2021-03-05,12.179,91.42904
782,2021-03-06,22.108,41.645756
783,2021-03-07,22.132,-23.69777
784,2021-03-08,27.139,-10.154594
785,2021-03-09,22.177,9.388752
786,2021-03-10,22.202,-33.429935
787,2021-03-11,32.058,-19.867561
788,2021-03-12,32.049,2.3677135
789,2021-03-13,46.835,11.195987
790,2021-03-14,56.728,13.7076
791,2021-03-15,56.69,4.5142813
792,2021-03-16,49.6,-24.314747
793,2021-03-17,54.561,-27.734447
794,2021-03-18,54.619,-29.580526
795,2021-03-19,49.733,-31.679312
796,2021-03-20,39.904,-29.729832
797,2021-03-21,39.872,-18.40948
798,2021-03-22,39.946,-14.694809
799,2021-03-23,34.942,-22.684406
800,2021-03-24,29.992000000000004,-25.577726
801,2021-03-25,24.99,-31.078665
802,2021-03-26,25.003,-32.480907
803,2021-03-27,24.997,-32.754803
804,2021-03-28,35.042,34.563473
805,2021-03-29,70.104,116.772766
806,2021-03-30,90.326,75.6173
807,2021-03-31,65.276,26.468157
808,2021-04-01,55.441,2.1034203
809,2021-04-02,42.608,-17.891266
810,2021-04-03,37.62,-26.643175
811,2021-04-04,77.957,220.66965
812,2021-04-05,388.762,348.98264
813,2021-04-06,241.83900000000003,175.09393
814,2021-04-07,144.885,79.48966
815,2021-04-08,103.694,46.112698
816,2021-04-09,77.853,-9.204243
817,2021-04-10,67.487,-11.836139
818,2021-04-11,51.823,7.1924148
819,2021-04-12,41.331,-26.355488
820,2021-04-13,57.705,69.93042
821,2021-04-14,115.974,197.7934
822,2021-04-15,127.05799999999999,124.26329
823,2021-04-16,100.837,64.43362
824,2021-04-17,80.26,29.015635
825,2021-04-18,74.895,-1.4619439
826,2021-04-19,42.946,-18.806084
827,2021-04-20,48.374,-13.550789
828,2021-04-21,43.07,-26.447853
829,2021-04-22,37.866,-33.599438
830,2021-04-23,37.808,-20.789772
831,2021-04-24,26.981,-18.75168
832,2021-04-25,27.258,-23.154837
833,2021-04-26,22.167,-23.61997
834,2021-04-27,22.339,-32.153385
835,2021-04-28,26.578,-32.629
836,2021-04-29,16.201,-31.99547
837,2021-04-30,21.46,-20.92407
838,2021-05-01,47.474,90.43245
839,2021-05-02,43.796,203.44441
840,2021-05-03,85.336,138.72841
841,2021-05-04,90.606,75.940025
842,2021-05-05,74.969,53.606705
843,2021-05-06,75.044,62.013653
844,2021-05-07,64.6,29.337862
845,2021-05-08,49.011,34.10209
846,2021-05-09,49.03,31.792974
847,2021-05-10,49.074,2.9828157
848,2021-05-11,33.554,8.125111
849,2021-05-12,28.92,1.2697105
850,2021-05-13,29.096,-11.825987
851,2021-05-14,29.150999999999996,-24.582792
852,2021-05-15,24.134,-12.640937
853,2021-05-16,24.256,10.133297
854,2021-05-17,193.569,379.24823
855,2021-05-18,522.353,516.0466
856,2021-05-19,259.807,265.913
857,2021-05-20,165.521,119.13562
858,2021-05-21,112.676,74.8322
859,2021-05-22,102.046,21.96756
860,2021-05-23,86.076,22.504864
861,2021-05-24,70.177,22.219604
862,2021-05-25,57.535,-27.921936
863,2021-05-26,62.85900000000001,46.219074
864,2021-05-27,52.26,90.39167
865,2021-05-28,57.575,95.8291
866,2021-05-29,73.495,170.02121
867,2021-05-30,126.62299999999999,213.25598
868,2021-05-31,116.07199999999999,94.00824
869,2021-06-01,116.16600000000001,95.16363
870,2021-06-02,90.923,85.25401
871,2021-06-03,80.295,16.549496
872,2021-06-04,85.689,113.50612
873,2021-06-05,85.581,144.2267
874,2021-06-06,80.233,46.629696
875,2021-06-07,69.688,16.780462
876,2021-06-08,53.628,3.9829361
877,2021-06-09,48.306,-20.392284
878,2021-06-10,42.987,-9.526913
879,2021-06-11,27.051,-17.085917
880,2021-06-12,53.73,9.294069
881,2021-06-13,37.812,35.301395
882,2021-06-14,27.245,11.368688
883,2021-06-15,22.076,-12.465477
884,2021-06-16,22.216,-9.174227
885,2021-06-17,22.298,-4.765553
886,2021-06-18,32.938,11.588288
887,2021-06-19,27.765,-11.242997
888,2021-06-20,22.674,-16.355717
889,2021-06-21,22.635,-21.612888
890,2021-06-22,17.681,-21.461706
891,2021-06-23,22.958,23.47872
892,2021-06-24,17.893,21.424408
893,2021-06-25,12.866,24.47189
894,2021-06-26,7.9,-12.694678
895,2021-06-27,44.102,90.884674
896,2021-06-28,44.108,120.51347
897,2021-06-29,33.875,69.57668
898,2021-06-30,23.815,35.930954
899,2021-07-01,18.794,17.919405
900,2021-07-02,35.214,4.953151
901,2021-07-03,30.112,-17.565287
902,2021-07-04,45.46,163.92299
903,2021-07-05,437.72,450.52295
904,2021-07-06,276.177,379.016
905,2021-07-07,162.176,187.25952
906,2021-07-08,104.488,91.236145
907,2021-07-09,115.4,118.486145
908,2021-07-10,131.786,205.5789
909,2021-07-11,191.407,197.0221
910,2021-07-12,165.425,153.38707
911,2021-07-13,128.107,69.70409
912,2021-07-14,90.337,46.81034
913,2021-07-15,68.643,19.74507
914,2021-07-16,63.248000000000005,31.45596
915,2021-07-17,59.282999999999994,53.080765
916,2021-07-18,42.909,21.711985
917,2021-07-19,42.932,10.163092
918,2021-07-20,37.465,1.3371357
919,2021-07-21,37.485,4.119883
920,2021-07-22,37.497,3.6741712
921,2021-07-23,33.993,-18.68867
922,2021-07-24,20.994,-17.539022
923,2021-07-25,20.998,-28.023018
924,2021-07-26,21.016,-20.423073
925,2021-07-27,21.012,-6.6949477
926,2021-07-28,15.497,-3.4075606
927,2021-07-29,9.993,-10.668835
928,2021-07-30,15.501999999999999,-24.652866
929,2021-07-31,9.994,-13.182765
930,2021-08-01,15.494,-5.854838
931,2021-08-02,36.003,68.25925
932,2021-08-03,47.026,246.35265
933,2021-08-04,36.015,121.362686
934,2021-08-05,24.997,53.145985
935,2021-08-06,19.485,25.211248
936,2021-08-07,13.982,35.70319
937,2021-08-08,30.512000000000004,23.056623
938,2021-08-09,19.495,31.130753
939,2021-08-10,80.155,20.023598
940,2021-08-11,102.392,113.86449
941,2021-08-12,85.974,84.70579
942,2021-08-13,47.211,44.018875
943,2021-08-14,36.114,15.409449
944,2021-08-15,63.921,17.849442
945,2021-08-16,91.845,26.639534
946,2021-08-17,58.492000000000004,13.785508
947,2021-08-18,36.169,36.144707
948,2021-08-19,64.136,25.844116
949,2021-08-20,92.197,50.07533
950,2021-08-21,58.67,-19.570713
951,2021-08-22,58.71,113.74647
952,2021-08-23,64.382,128.57414
953,2021-08-24,53.166,65.710884
954,2021-08-25,58.843,143.07523
955,2021-08-26,104.106,134.86122
956,2021-08-27,87.315,66.93745
957,2021-08-28,59.038999999999994,29.657553
958,2021-08-29,49.598,14.388803
959,2021-08-30,38.247,-12.740695
960,2021-08-31,32.57,-5.813787
961,2021-09-01,43.984,160.11827
962,2021-09-02,204.188,316.62323
963,2021-09-03,182.329,269.55374
964,2021-09-04,107.944,98.47612
965,2021-09-05,73.435,37.628613
966,2021-09-06,56.117,-3.4824896
967,2021-09-07,56.173,-25.374237
968,2021-09-08,102.848,153.2956
969,2021-09-09,179.227,174.81898
970,2021-09-10,127.113,73.59521
971,2021-09-11,86.192,38.8629
972,2021-09-12,68.649,23.717192
973,2021-09-13,50.97,8.355746
974,2021-09-14,45.096,-13.958098
975,2021-09-15,39.192,-3.1970088
976,2021-09-16,27.353,-22.61058
977,2021-09-17,27.136,-9.538168
978,2021-09-18,20.932,-9.016314
979,2021-09-19,26.862,6.1612854
980,2021-09-20,20.942,-17.819536
981,2021-09-21,20.933,-8.937743
982,2021-09-22,50.636,73.53612
983,2021-09-23,45.229,197.7988
984,2021-09-24,39.306,131.41989
985,2021-09-25,27.405,54.209667
986,2021-09-26,27.416,32.850037
987,2021-09-27,27.409,6.511653
988,2021-09-28,21.1,-18.89591
989,2021-09-29,20.45,-8.914789
990,2021-09-30,32.394,47.86553
991,2021-10-01,50.315,68.89399
992,2021-10-02,38.066,34.906116
993,2021-10-03,39.255,29.395025
994,2021-10-04,29.714999999999996,22.846624
995,2021-10-05,35.679,109.24499
996,2021-10-06,89.514,139.00589
997,2021-10-07,167.715,97.738525
998,2021-10-08,132.101,76.34739
999,2021-10-09,96.14,52.52371
1000,2021-10-10,78.096,16.588228
1001,2021-10-11,84.239,43.633747
1002,2021-10-12,120.80499999999999,88.881836
1003,2021-10-13,108.858,33.676792
1004,2021-10-14,84.567,18.458364
1005,2021-10-15,66.37,35.89145
1006,2021-10-16,60.288,35.09239
1007,2021-10-17,66.434,50.40175
1008,2021-10-18,54.215,40.26768
1009,2021-10-19,48.134,26.130922
1010,2021-10-20,41.983,12.188162
1011,2021-10-21,35.823,-2.4498153
1012,2021-10-22,35.838,-14.842239
1013,2021-10-23,35.828,7.0049267
1014,2021-10-24,23.563,-22.247854
1015,2021-10-25,23.555,-12.487658
1016,2021-10-26,29.746,-24.601221
1017,2021-10-27,23.592,-19.112972
1018,2021-10-28,23.625,-19.890623
1019,2021-10-29,23.608,7.822194
1020,2021-10-30,17.476,-18.304314
1021,2021-10-31,23.548,-22.214197
1022,2021-11-01,17.44,-27.676622
1023,2021-11-02,19.988,-26.146261
1024,2021-11-03,13.9,-30.955513
1025,2021-11-04,20.035,-30.258419
1026,2021-11-05,18.063,-27.236319
1027,2021-11-06,11.97,-32.328625
1028,2021-11-07,11.987,-31.206785
1029,2021-11-08,18.098,-33.33702
1030,2021-11-09,24.208,41.959927
1031,2021-11-10,24.218,99.31115
1032,2021-11-11,18.122,34.06645
1033,2021-11-12,18.124,8.505163
1034,2021-11-13,18.158,-8.247049
1035,2021-11-14,12.07,-25.1809
1036,2021-11-15,18.172,-33.038406
1037,2021-11-16,12.091,-19.493908
1038,2021-11-17,12.135,-37.15807
1039,2021-11-18,18.193,-41.840305
1040,2021-11-19,6.102,-27.551483
1041,2021-11-20,18.23,-28.494331
1042,2021-11-21,12.206,-24.51305
1043,2021-11-22,12.206,-32.64103
1044,2021-11-23,18.276,17.711945
1045,2021-11-24,18.278,19.874292
1046,2021-11-25,6.224,-5.6901927
1047,2021-11-26,12.275,-15.628828
1048,2021-11-27,12.31,-24.791359
1049,2021-11-28,12.294,-33.48831
1050,2021-11-29,12.343,-30.554272
1051,2021-11-30,6.341,-29.669249
1052,2021-12-01,30.385,89.17719
1053,2021-12-02,36.413,147.30022
1054,2021-12-03,24.386,60.699745
1055,2021-12-04,24.397,15.054888
1056,2021-12-05,24.397,5.4362726
1057,2021-12-06,18.409,-28.337742
1058,2021-12-07,18.378,-28.433638
1059,2021-12-08,18.418,-15.913757
1060,2021-12-09,24.431,-30.685482
1061,2021-12-10,12.454,-33.991737
1062,2021-12-11,12.487,-20.22499
1063,2021-12-12,18.46,-26.32481
1064,2021-12-13,12.505,-19.254555
1065,2021-12-14,12.524,-28.869638
1066,2021-12-15,12.553,-31.998009
1067,2021-12-16,12.56,-19.759085
1068,2021-12-17,18.529,-16.075314
1069,2021-12-18,12.587,-25.461416
1070,2021-12-19,0.628,-23.346409
1071,2021-12-20,12.644,-24.613802
1072,2021-12-21,12.657,-19.430016
1073,2021-12-22,12.675,-27.933743
1074,2021-12-23,12.684,-29.58483
1075,2021-12-24,12.759,-32.567535
1076,2021-12-25,0.968,-24.057737
1077,2021-12-26,12.751,-29.065292
1078,2021-12-27,0.9799999999999999,-22.372662
1079,2021-12-28,6.911,-31.658234
1080,2021-12-29,6.943,-38.736877
1081,2021-12-30,6.961,-38.049385
1082,2021-12-31,6.997,-28.338514
1083,2022-01-01,7.022,-25.364527
1084,2022-01-02,8.061,-21.494701
1085,2022-01-03,2.26,-5.9974127
1086,2022-01-04,2.367,-17.771202
1087,2022-01-05,14.116,-20.849804
1088,2022-01-06,2.508,-38.290283
1089,2022-01-07,8.419,-14.521997
1090,2022-01-08,1.632,-24.887033
1091,2022-01-09,3.948,-32.862617
1092,2022-01-10,8.661,-32.780846
1093,2022-01-11,2.963,-32.222904
1094,2022-01-12,8.832,-31.6973
1095,2022-01-13,0.83,-31.686375
1096,2022-01-14,2.654,-32.30545
1097,2022-01-15,6.583,-32.73483
1098,2022-01-16,0.0,-32.575592
1099,2022-01-17,5.222,-31.876732
1100,2022-01-18,0.179,-32.250164
1101,2022-01-19,3.6930000000000005,-32.313835
1102,2022-01-20,3.7920000000000003,-24.993744
1103,2022-01-21,3.889,-22.21817
1104,2022-01-22,3.389,-25.98007
1105,2022-01-23,0.0,-29.891829
1106,2022-01-24,4.183,-31.263836
1107,2022-01-25,0.867,-32.454975
1108,2022-01-26,2.662,-30.238775
1109,2022-01-27,8.929,-29.174763
1110,2022-01-28,5.108,-31.553068
1111,2022-01-29,2.944,-31.011572
1112,2022-01-30,5.256,-31.561014
1113,2022-01-31,3.137,-31.724556
1114,2022-02-01,0.4699999999999999,-32.552307
1115,2022-02-02,3.93,-27.54122
1116,2022-02-03,2.926,-28.257626
1117,2022-02-04,1.405,-31.21749
1118,2022-02-05,0.403,-31.772339
1119,2022-02-06,1.06,-32.408737
1120,2022-02-07,3.924,-32.79442
1121,2022-02-08,6.198,-33.065773
1122,2022-02-09,0.0,-32.8699
1123,2022-02-10,2.026,-33.531128
1124,2022-02-11,3.7659999999999996,-33.64501
1125,2022-02-12,0.0,-33.036312
1126,2022-02-13,7.243999999999999,-33.102192
1127,2022-02-14,3.535,-31.65371
1128,2022-02-15,2.032,-29.020489
1129,2022-02-16,1.053,-25.921804
1130,2022-02-17,2.254,-30.764824
1131,2022-02-18,3.967,-32.442505
1132,2022-02-19,1.392,-33.096783
1133,2022-02-20,0.0,-32.3785
1134,2022-02-21,3.771,-32.027473
1135,2022-02-22,0.143,-26.742823
1136,2022-02-23,2.399,-24.718967
1137,2022-02-24,1.982,-28.839733
1138,2022-02-25,0.0,-29.163395
1139,2022-02-26,2.204,-33.95455
1140,2022-02-27,3.377,2.323131
1141,2022-02-28,7.694,3.9892263
1142,2022-03-01,5.701,-13.442864
1143,2022-03-02,3.538,-18.14309
1144,2022-03-03,2.683,-20.608355
1145,2022-03-04,7.026,-29.176416
1146,2022-03-05,3.271,-30.224209
1147,2022-03-06,12.607,-29.003054
1148,2022-03-07,7.951,-34.6597
1149,2022-03-08,3.469,-33.638283
1150,2022-03-09,1.141,-30.736023
1151,2022-03-10,1.852,-34.254044
1152,2022-03-11,6.644,-31.080101
1153,2022-03-12,3.752,-32.812958
1154,2022-03-13,7.531,-23.195005
1155,2022-03-14,51.248,112.992325
1156,2022-03-15,47.736,200.5405
1157,2022-03-16,68.467,122.59896
1158,2022-03-17,35.07,46.46726
1159,2022-03-18,27.545,19.643326
1160,2022-03-19,25.062,-11.656155
1161,2022-03-20,24.539,26.51274
1162,2022-03-21,19.645,60.872116
1163,2022-03-22,14.745000000000001,11.998688
1164,2022-03-23,20.339,-11.853906
1165,2022-03-24,14.405,-1.2566891
1166,2022-03-25,19.441,-8.542903
1167,2022-03-26,28.995000000000005,36.28684
1168,2022-03-27,180.089,182.49203
1169,2022-03-28,204.876,182.07198
1170,2022-03-29,113.835,87.299225
1171,2022-03-30,72.352,27.079508
1172,2022-03-31,64.426,26.015383
1173,2022-04-01,47.744,-9.951437
1174,2022-04-02,43.444,-4.0724316
1175,2022-04-03,36.769,-14.175933
1176,2022-04-04,35.284,-29.175976
1177,2022-04-05,26.757,-25.60399
1178,2022-04-06,26.891,-13.882618
1179,2022-04-07,25.269,-16.586353
1180,2022-04-08,8.13,-18.163725
1181,2022-04-09,22.988,-17.568596
1182,2022-04-10,21.5,-29.266024
1183,2022-04-11,24.062,-31.542145
1184,2022-04-12,20.481,-32.038948
1185,2022-04-13,27.448,-33.617756
1186,2022-04-14,29.025,28.081724
1187,2022-04-15,43.164,53.79673
1188,2022-04-16,37.028,12.120957
1189,2022-04-17,32.708,-12.5259495
1190,2022-04-18,30.813999999999997,-22.80171
1191,2022-04-19,22.563,-33.721596
1192,2022-04-20,26.078,-28.737879
1193,2022-04-21,23.229,-26.564163
1194,2022-04-22,19.4,-35.743687
1195,2022-04-23,17.357,-34.21807
1196,2022-04-24,20.362,-30.708214
1197,2022-04-25,14.221,-30.141998
1198,2022-04-26,15.832000000000003,-26.680254
1199,2022-04-27,16.454,-16.372711
1200,2022-04-28,17.079,1.4072092
1201,2022-04-29,12.416,-23.572962
1202,2022-04-30,24.355,51.91037
1203,2022-05-01,25.212,91.99128
1204,2022-05-02,21.366,28.100044
1205,2022-05-03,21.558,1.171718
1206,2022-05-04,15.117,-10.881925
1207,2022-05-05,15.708,-30.060226
1208,2022-05-06,11.9,-30.915676
1209,2022-05-07,13.916,-22.929167
1210,2022-05-08,11.708,-27.715136
1211,2022-05-09,12.735,-19.392164
1212,2022-05-10,13.085,-8.927149
1213,2022-05-11,8.842,-17.981754
1214,2022-05-12,5.074,-22.849714
1215,2022-05-13,10.921,-24.315962
1216,2022-05-14,6.151,-30.39349
1217,2022-05-15,7.158,-28.048399
1218,2022-05-16,5.703,-29.45969
1219,2022-05-17,6.19,-28.843374
1220,2022-05-18,7.779999999999999,-32.551533
1221,2022-05-19,4.914,-29.422503
1222,2022-05-20,6.971,-31.73184
1223,2022-05-21,5.612,-26.919497
1224,2022-05-22,4.553,-32.096222
1225,2022-05-23,7.453999999999999,-33.099873
1226,2022-05-24,4.772,-33.12073
1227,2022-05-25,3.156,-32.6066
1228,2022-05-26,4.919,-16.933521
1229,2022-05-27,2.561,7.8536444
1230,2022-05-28,3.77,1.4050021
1231,2022-05-29,4.461,-16.352959
1232,2022-05-30,4.124,-21.5949
1233,2022-05-31,2.959,-27.502928
1234,2022-06-01,1.798,-33.971542
1235,2022-06-02,1.791,-29.369312
1236,2022-06-03,1.734,-31.732943
1237,2022-06-04,0.054,-35.50025
1238,2022-06-05,1.993,-30.97935
1239,2022-06-06,2.244,-6.8220735
1240,2022-06-07,29.680000000000003,150.35371
1241,2022-06-08,45.415,173.54105
1242,2022-06-09,27.791,80.34577
1243,2022-06-10,21.591,41.27939
1244,2022-06-11,12.685,28.642313
1245,2022-06-12,10.1,-15.016816
1246,2022-06-13,7.271,-2.990099
1247,2022-06-14,6.664,-3.1200936
1248,2022-06-15,2.938,0.61918527
1249,2022-06-16,12.839,105.51498
1250,2022-06-17,21.212,215.5907
1251,2022-06-18,32.804,130.72523
1252,2022-06-19,18.703,55.11185
1253,2022-06-20,13.39,48.29524
1254,2022-06-21,12.563,-9.709876
1255,2022-06-22,9.513,-26.196249
1256,2022-06-23,7.116,-18.377918
1257,2022-06-24,85.304,424.79913
1258,2022-06-25,566.914,687.5628
1259,2022-06-26,189.416,496.04065
1260,2022-06-27,103.617,275.7084
1261,2022-06-28,137.178,283.0232
1262,2022-06-29,334.684,269.9846
1263,2022-06-30,289.669,253.94548
1264,2022-07-01,1145.35,812.9881
1265,2022-07-02,1094.529,877.2301
1266,2022-07-03,382.424,441.18744
1267,2022-07-04,198.581,289.41644
1268,2022-07-05,135.497,172.39201
1269,2022-07-06,135.915,72.553764
1270,2022-07-07,101.52,44.209015
1271,2022-07-08,106.65,68.959595
1272,2022-07-09,71.846,11.680432
1273,2022-07-10,61.88199999999999,30.122133
1274,2022-07-11,56.904,82.934135
1275,2022-07-12,167.334,266.83383
1276,2022-07-13,173.137,249.50706
1277,2022-07-14,184.098,300.58914
1278,2022-07-15,456.772,412.07654
1279,2022-07-16,263.759,211.53172
1280,2022-07-17,203.559,108.10467
1281,2022-07-18,152.892,102.03089
1282,2022-07-19,116.83400000000002,21.947365
1283,2022-07-20,92.115,-31.717604
1284,2022-07-21,78.198,32.01114
1285,2022-07-22,187.341,185.66588
1286,2022-07-23,278.197,256.07037
1287,2022-07-24,212.37,222.07686
1288,2022-07-25,195.082,197.39685
1289,2022-07-26,165.783,136.75333
1290,2022-07-27,127.15700000000001,47.748005
1291,2022-07-28,108.599,2.0612657
1292,2022-07-29,81.259,9.574805
1293,2022-07-30,64.497,-6.923818
1294,2022-07-31,57.773,24.38151
1295,2022-08-01,62.608,72.89993
1296,2022-08-02,92.842,164.1235
1297,2022-08-03,142.674,266.24277
1298,2022-08-04,469.29999999999995,467.96988
1299,2022-08-05,418.668,479.78003
1300,2022-08-06,265.958,295.3958
1301,2022-08-07,167.139,170.3164
1302,2022-08-08,131.829,116.77122
1303,2022-08-09,368.996,445.22253
1304,2022-08-10,1356.297,1228.8186
1305,2022-08-11,3145.502,1354.8798
1306,2022-08-12,1159.826,922.9368
1307,2022-08-13,580.296,681.7973
1308,2022-08-14,303.231,353.4673
1309,2022-08-15,218.309,214.12555
1310,2022-08-16,258.435,380.16653
1311,2022-08-17,276.764,309.82202
1312,2022-08-18,194.054,97.508
1313,2022-08-19,152.871,142.19362
1314,2022-08-20,136.118,120.62427
1315,2022-08-21,153.195,141.3304
1316,2022-08-22,118.774,103.49499
1317,2022-08-23,90.962,66.56523
1318,2022-08-24,82.075,15.04937
1319,2022-08-25,59.56300000000001,-23.808674
1320,2022-08-26,63.07800000000001,10.9976845
1321,2022-08-27,49.047,-4.2840867
1322,2022-08-28,45.002,63.857525
1323,2022-08-29,35.197,11.461053
1324,2022-08-30,33.071,22.464806
1325,2022-08-31,57.465,168.89827
1326,2022-09-01,100.375,277.32455
1327,2022-09-02,90.43,121.03323
1328,2022-09-03,63.976,43.75359
1329,2022-09-04,46.365,12.9407625
1330,2022-09-05,59.23,96.50777
1331,2022-09-06,1207.227,894.1157
1332,2022-09-07,2999.655,1635.4075
1333,2022-09-08,696.473,945.8563
1334,2022-09-09,303.839,479.40103
1335,2022-09-10,185.62,256.56607
1336,2022-09-11,126.13299999999998,79.800804
1337,2022-09-12,99.215,33.377407
1338,2022-09-13,79.571,83.80641
1339,2022-09-14,71.16,-1.2106723
1340,2022-09-15,55.273,-0.2137519
1341,2022-09-16,49.835,76.18633
1342,2022-09-17,41.025,64.52179
1343,2022-09-18,44.25,84.11385
1344,2022-09-19,38.948,48.918064
1345,2022-09-20,56.006,35.813763
1346,2022-09-21,62.831,58.684277
1347,2022-09-22,43.654,-3.0367777
1348,2022-09-23,36.476,-22.188927
1349,2022-09-24,29.693999999999996,-14.583353
1350,2022-09-25,28.796,-35.71853
1351,2022-09-26,24.463,-18.102148
1352,2022-09-27,25.996,-29.71637
1353,2022-09-28,22.631,-13.217747
1354,2022-09-29,19.069,-7.031742
1355,2022-09-30,16.403,-22.642363
1356,2022-10-01,19.497,-13.721172
1357,2022-10-02,17.16,-46.146465
1358,2022-10-03,16.391,6.257402
1359,2022-10-04,92.994,364.09012
1360,2022-10-05,559.699,640.3377
1361,2022-10-06,278.218,548.80396
1362,2022-10-07,161.031,235.9213
1363,2022-10-08,135.618,141.2883
1364,2022-10-09,112.416,53.15978
1365,2022-10-10,92.765,5.9085793
1366,2022-10-11,73.209,92.72512
1367,2022-10-12,70.233,22.64148
1368,2022-10-13,58.81400000000001,-4.5444074
1369,2022-10-14,50.118,68.35034
1370,2022-10-15,40.955,68.75037
1371,2022-10-16,43.237,96.78873
1372,2022-10-17,35.17,46.06028
1373,2022-10-18,34.667,-10.565546
1374,2022-10-19,32.149,-7.536713
1375,2022-10-20,26.749,-5.159951
1376,2022-10-21,26.239,-13.382171
1377,2022-10-22,26.625,-26.541983
1378,2022-10-23,22.32,-32.614876
1379,2022-10-24,27.868,-28.727947
1380,2022-10-25,21.498,-23.975746
1381,2022-10-26,25.952,-24.704731
1382,2022-10-27,19.446,-25.303833
1383,2022-10-28,22.258,-34.328312
1384,2022-10-29,18.197,-41.922962
1385,2022-10-30,24.434,-23.722378
1386,2022-10-31,19.107,-28.369965
1387,2022-11-01,20.662,-26.708504
1388,2022-11-02,19.306,-11.946933
1389,2022-11-03,17.908,-5.345563
1390,2022-11-04,13.01,-15.577515
1391,2022-11-05,17.509,-20.554832
1392,2022-11-06,13.553,-6.4850583
1393,2022-11-07,13.314,-5.8838606
1394,2022-11-08,13.881,-22.343088
1395,2022-11-09,15.191,-36.704304
1396,2022-11-10,10.148,-15.540546
1397,2022-11-11,17.007,-29.82297
1398,2022-11-12,12.023,-32.580997
1399,2022-11-13,36.967,111.585556
1400,2022-11-14,35.96,164.27203
1401,2022-11-15,26.219,85.35559
1402,2022-11-16,25.79,30.99215
1403,2022-11-17,21.046,13.896632
1404,2022-11-18,19.545,-17.370073
1405,2022-11-19,17.604,-28.792944
1406,2022-11-20,15.247,-14.343006
1407,2022-11-21,15.639999999999999,-31.459822
1408,2022-11-22,10.931,-29.65369
1409,2022-11-23,16.367,-9.396697
1410,2022-11-24,14.956,-1.6307825
1411,2022-11-25,12.114,7.708421
1412,2022-11-26,15.427999999999999,-16.263243
1413,2022-11-27,15.750999999999998,-18.269773
1414,2022-11-28,15.897999999999998,-26.097485
1415,2022-11-29,29.566999999999997,81.44687
1416,2022-11-30,53.0,138.20026
1417,2022-12-01,55.899,77.93365
1418,2022-12-02,37.128,25.861
1419,2022-12-03,29.348,6.8026514
1420,2022-12-04,27.145,-17.146059
1421,2022-12-05,24.412,-25.218863
1422,2022-12-06,20.962,-17.913998
1423,2022-12-07,18.073,-30.73558
1424,2022-12-08,17.762,-30.190222
1425,2022-12-09,21.377,-21.052853
1426,2022-12-10,15.159,-28.238205
1427,2022-12-11,16.191,-23.457092
1428,2022-12-12,15.110000000000001,-27.63469
1429,2022-12-13,12.626,-31.300142
1430,2022-12-14,16.087,-25.916729
1431,2022-12-15,6.175,-26.950174
1432,2022-12-16,9.123,-20.98322
1433,2022-12-17,11.254,-15.135114
1434,2022-12-18,21.076,-24.20859
1435,2022-12-19,6.438,-29.183922
1436,2022-12-20,0.0,-29.28081
1437,2022-12-21,4.222,-31.429255
1438,2022-12-22,10.684,-20.525038
1439,2022-12-23,7.058,-10.982235
1440,2022-12-24,8.928,-21.97374
1441,2022-12-25,7.574,-27.508667
1442,2022-12-26,66.912,-27.453932
1443,2022-12-27,5.487,-30.29627
1444,2022-12-28,5.607,-31.24949
1445,2022-12-29,10.891,-30.785019
1446,2022-12-30,9.218,-33.069416
1447,2022-12-31,4.597,-33.996704
1448,2023-01-01,7.11,-31.555828
1449,2023-01-02,7.252,-31.818024
1450,2023-01-03,5.488,-31.000315
1451,2023-01-04,3.597,-32.53101
1452,2023-01-05,4.283,-33.1268
1453,2023-01-06,1.9089999999999998,-33.14313
1454,2023-01-07,7.096,-32.489956
1455,2023-01-08,3.04,-8.31922
1456,2023-01-09,6.152,-5.4027257
1457,2023-01-10,8.884,-18.25311
1458,2023-01-11,6.5,-24.904358
1459,2023-01-12,4.914,-28.548294
1460,2023-01-13,3.8869999999999996,-32.876633
1461,2023-01-14,31.789,106.430954
1462,2023-01-15,36.02,171.0258
1463,2023-01-16,30.913,124.43892
1464,2023-01-17,20.553,94.8713
1465,2023-01-18,13.424,42.742985
1466,2023-01-19,14.036,-15.3990755
1467,2023-01-20,5.896,-19.868774
1468,2023-01-21,17.879,-8.974269
1469,2023-01-22,7.919,-21.809757
1470,2023-01-23,10.895,-14.015923
1471,2023-01-24,6.018,7.4696193
1472,2023-01-25,9.261,3.1531992
1473,2023-01-26,3.27,2.6481178
1474,2023-01-27,7.067,-15.415849
1475,2023-01-28,2.965,-20.629541
1476,2023-01-29,10.1,-6.440255
1477,2023-01-30,8.343,-27.914984
1478,2023-01-31,6.869,-24.874674
1479,2023-02-01,5.013,-28.95748
1480,2023-02-02,7.754,-30.2401
1481,2023-02-03,8.327,-31.590368
1482,2023-02-04,5.084,-32.807663
1483,2023-02-05,4.08,-33.19555
1484,2023-02-06,4.166,-32.5938
1485,2023-02-07,5.955,-33.239246
1486,2023-02-08,6.938,-33.40378
1487,2023-02-09,6.79,-32.605938
1488,2023-02-10,6.446,-32.83216
1489,2023-02-11,7.005,-27.850979
1490,2023-02-12,8.121,-25.448946
1491,2023-02-13,6.802,-29.184141
1492,2023-02-14,7.268,-27.693066
1493,2023-02-15,9.712,-32.712757
1494,2023-02-16,5.981,-27.343359
1495,2023-02-17,3.544,-35.8856
1496,2023-02-18,8.3,-34.642815
1497,2023-02-19,4.907,-35.75682
1498,2023-02-20,7.005,-29.03969
1499,2023-02-21,13.717,-29.427357
1500,2023-02-22,24.155,-24.307575
1501,2023-02-23,10.678,-17.938606
1502,2023-02-24,4.976,-26.412981
1503,2023-02-25,9.315,-24.369814
1504,2023-02-26,3.483,-36.1521
1505,2023-02-27,8.918,-19.971071
1506,2023-02-28,2.16,-31.963026
1507,2023-03-01,8.529,-32.00198
1508,2023-03-02,7.795,-34.132217
1509,2023-03-03,6.324,-34.1075
1510,2023-03-04,9.469,-32.29574
1511,2023-03-05,8.62,-32.380047
1512,2023-03-06,6.302,-31.18957
1513,2023-03-07,8.72,-28.53439
1514,2023-03-08,8.755,-31.998339
1515,2023-03-09,12.356,-30.516201
1516,2023-03-10,13.511,-24.308788
1517,2023-03-11,20.74,-18.084824
1518,2023-03-12,19.121,-26.57575
1519,2023-03-13,25.529,45.000015
1520,2023-03-14,30.533000000000005,51.845486
1521,2023-03-15,25.154,9.966224
1522,2023-03-16,20.856,-7.4314375
1523,2023-03-17,18.713,-18.377035
1524,2023-03-18,18.277,-33.87046
1525,2023-03-19,12.759,-27.353952
1526,2023-03-20,12.451,-27.373596
1527,2023-03-21,16.77,-37.702877
1528,2023-03-22,13.842,-31.213516
1529,2023-03-23,11.882,-28.212603
1530,2023-03-24,13.629,-34.294323
1531,2023-03-25,16.34,-19.292185
1532,2023-03-26,15.462000000000002,-33.087734
1533,2023-03-27,15.903999999999998,-32.066868
1534,2023-03-28,13.434,-31.326296
1535,2023-03-29,14.781000000000002,-33.93281
1536,2023-03-30,11.36,-32.56875
1537,2023-03-31,12.917,-33.417686
1538,2023-04-01,13.393,-32.83525
1539,2023-04-02,10.56,-33.608044
1540,2023-04-03,11.236,-32.793427
1541,2023-04-04,10.247,-31.566532
1542,2023-04-05,12.348,-31.27454
1543,2023-04-06,42.168,140.52245
1544,2023-04-07,79.109,222.07245
1545,2023-04-08,66.449,106.456116
1546,2023-04-09,55.95,37.836403
1547,2023-04-10,44.261,12.478719
1548,2023-04-11,37.731,-24.775248
1549,2023-04-12,39.143,36.115906
1550,2023-04-13,40.323,50.246372
1551,2023-04-14,34.122,2.39806
1552,2023-04-15,33.462,-7.5330715
1553,2023-04-16,31.343000000000004,25.760248
1554,2023-04-17,37.33,32.45056
1555,2023-04-18,26.716,17.898108
1556,2023-04-19,35.948,47.464066
1557,2023-04-20,39.012,24.217087
1558,2023-04-21,36.717,3.0383227
1559,2023-04-22,35.027,-14.260573
1560,2023-04-23,30.697,-23.78274
1561,2023-04-24,25.555,-30.609007
1562,2023-04-25,24.86,-31.86989
1563,2023-04-26,23.644,-19.2689
1564,2023-04-27,24.583,-14.178582
1565,2023-04-28,27.144,-14.011288
1566,2023-04-29,14.217,-20.827845
1567,2023-04-30,31.094000000000005,54.811085
1568,2023-05-01,35.373,88.8649
1569,2023-05-02,33.381,46.72901
1570,2023-05-03,26.977,8.906292
1571,2023-05-04,23.394,-5.4023943
1572,2023-05-05,23.034,-23.396729
1573,2023-05-06,44.943,103.04111
1574,2023-05-07,278.741,345.7639
1575,2023-05-08,389.808,355.39133
1576,2023-05-09,187.218,144.92302
1577,2023-05-10,119.67400000000002,77.459404
1578,2023-05-11,88.148,22.89871
1579,2023-05-12,68.583,-21.081102
1580,2023-05-13,52.967,3.23497
1581,2023-05-14,44.029,-11.653948
1582,2023-05-15,40.137,-29.796926
1583,2023-05-16,33.421,-5.3196306
1584,2023-05-17,30.212,-0.51854426
1585,2023-05-18,26.512,5.857928
1586,2023-05-19,27.036,-10.416129
1587,2023-05-20,26.886,-18.032627
1588,2023-05-21,20.245,-30.619932
1589,2023-05-22,19.745,-32.9701
1590,2023-05-23,18.181,-33.474518
1591,2023-05-24,15.918,-32.915253
1592,2023-05-25,13.593,-32.323105
1593,2023-05-26,10.475,-32.849155
1594,2023-05-27,14.532,-27.536476
1595,2023-05-28,21.271,59.173798
1596,2023-05-29,35.128,187.73305
1597,2023-05-30,57.983,214.25389
1598,2023-05-31,44.145,118.660225
1599,2023-06-01,28.784,45.224915
1600,2023-06-02,21.4,1.4152648
1601,2023-06-03,21.538,-20.283808
1602,2023-06-04,15.985,-20.21848
1603,2023-06-05,13.633,-25.022877
1604,2023-06-06,11.17,-42.554615
1605,2023-06-07,12.129,-38.268543
1606,2023-06-08,12.405,-27.352299
1607,2023-06-09,10.317,-15.931965
1608,2023-06-10,38.494,75.169
1609,2023-06-11,34.444,176.07826
1610,2023-06-12,42.733,152.60706
1611,2023-06-13,36.854,120.67647
1612,2023-06-14,29.668000000000003,60.09038
1613,2023-06-15,25.813,8.272761
1614,2023-06-16,29.668000000000003,7.1321626
1615,2023-06-17,25.813,-10.827963
1616,2023-06-18,33.589,-21.410503
1617,2023-06-19,20.838,-19.25621
1618,2023-06-20,20.211,1.8461896
1619,2023-06-21,18.053,5.8581486
1620,2023-06-22,13.791,98.08525
1621,2023-06-23,10.374,160.70088
1622,2023-06-24,31.771999999999995,76.06682
1623,2023-06-25,51.137,13.708372
1624,2023-06-26,42.805,-8.561663
1625,2023-06-27,31.481,353.27512
1626,2023-06-28,25.223,559.3983
1627,2023-06-29,75.428,359.24207
1628,2023-06-30,236.494,433.94037
1629,2023-07-01,691.712,609.4856
1630,2023-07-02,333.039,368.67242
1631,2023-07-03,179.189,199.20088
1632,2023-07-04,126.591,126.46046
1633,2023-07-05,103.946,165.659
1634,2023-07-06,510.99699999999996,362.7173
1635,2023-07-07,303.468,337.7118
1636,2023-07-08,170.61,152.52214
1637,2023-07-09,118.82600000000001,93.47557
1638,2023-07-10,170.61,144.40475
1639,2023-07-11,170.099,261.6534
1640,2023-07-12,163.781,277.97498
1641,2023-07-13,205.897,337.5297
1642,2023-07-14,265.738,376.22192
1643,2023-07-15,767.145,561.18524
1644,2023-07-16,265.738,529.6576
1645,2023-07-17,390.104,314.74228
1646,2023-07-18,245.069,174.52016
1647,2023-07-19,226.976,102.15669
1648,2023-07-20,219.919,120.3735
1649,2023-07-21,150.261,10.424516
1650,2023-07-22,114.591,5.9152
1651,2023-07-23,96.365,93.38635
1652,2023-07-24,87.601,72.17945
1653,2023-07-25,136.497,201.22589
1654,2023-07-26,120.451,198.04643
1655,2023-07-27,113.989,128.35922
1656,2023-07-28,89.028,105.52706
1657,2023-07-29,71.901,27.66669
1658,2023-07-30,61.625,-11.553196
1659,2023-07-31,50.832,-22.818926
1660,2023-08-01,43.839,-36.397194
1661,2023-08-02,41.372,-34.49351
1662,2023-08-03,37.23,-8.501521
1663,2023-08-04,31.765999999999995,-31.95442
1664,2023-08-05,27.035,-41.359943
1665,2023-08-06,24.671,-15.169874
1666,2023-08-07,27.405,-18.947224
1667,2023-08-08,29.399,-2.8029418
1668,2023-08-09,25.141,-19.204235
1669,2023-08-10,20.578,25.815535
1670,2023-08-11,380.079,433.92917
1671,2023-08-12,508.6770000000001,583.05005
1672,2023-08-13,201.034,313.3773
1673,2023-08-14,134.756,106.85554
1674,2023-08-15,92.077,36.343563
1675,2023-08-16,70.354,-6.166362
1676,2023-08-17,57.307,79.77746
1677,2023-08-18,48.52,58.461365
1678,2023-08-19,41.355,60.16945
1679,2023-08-20,37.633,176.80042
1680,2023-08-21,32.581,97.149796
1681,2023-08-22,44.392,113.520744
1682,2023-08-23,37.975,7.311374
1683,2023-08-24,89.471,518.18054
1684,2023-08-25,277.371,469.64288
1685,2023-08-26,273.964,393.60394
1686,2023-08-27,181.552,202.16864
1687,2023-08-28,117.343,86.578125
1688,2023-08-29,93.827,52.61199
1689,2023-08-30,127.53499999999998,141.72083
1690,2023-08-31,182.472,257.61407
1691,2023-09-01,235.14,202.28517
1692,2023-09-02,170.642,119.135124
1693,2023-09-03,120.16599999999998,67.77375
1694,2023-09-04,95.818,55.49698
1695,2023-09-05,75.136,30.522713
1696,2023-09-06,65.459,37.163586
1697,2023-09-07,50.839,-2.5512288
1698,2023-09-08,47.493,-29.125986
1699,2023-09-09,38.025,-9.875956
1700,2023-09-10,38.168,-21.89274
1701,2023-09-11,31.97,-0.89418256
1702,2023-09-12,27.798,-31.180079
1703,2023-09-13,30.259000000000004,-27.93617
1704,2023-09-14,63.98299999999999,175.88283
1705,2023-09-15,109.622,259.21176
1706,2023-09-16,82.566,165.49362
1707,2023-09-17,88.695,218.1821
1708,2023-09-18,242.94399999999996,236.77399
1709,2023-09-19,198.482,153.42398
1710,2023-09-20,136.419,108.94571
1711,2023-09-21,125.284,148.2637
1712,2023-09-22,187.92,176.58115
1713,2023-09-23,155.157,92.36554
1714,2023-09-24,113.285,36.008312
1715,2023-09-25,91.437,29.537048
1716,2023-09-26,74.657,3.675054
1717,2023-09-27,83.6,114.59667
1718,2023-09-28,86.721,123.24342
1719,2023-09-29,103.485,94.979836
1720,2023-09-30,86.372,46.81288
1721,2023-10-01,79.558,29.499086
1722,2023-10-02,69.416,18.146952
1723,2023-10-03,55.239,-19.444471
1724,2023-10-04,43.988,0.85213846
1725,2023-10-05,40.493,-22.535763
1726,2023-10-06,42.317,-14.301624
1727,2023-10-07,35.28,-23.751732
1728,2023-10-08,30.191,-16.747467
1729,2023-10-09,29.56,-22.654501
1730,2023-10-10,33.838,-5.422699
1731,2023-10-11,29.156,0.45983696
1732,2023-10-12,27.915,-13.873679
1733,2023-10-13,23.687,-24.834616
1734,2023-10-14,25.984,-30.520836
1735,2023-10-15,18.682,-23.678017
1736,2023-10-16,25.919,-22.599215
1737,2023-10-17,19.96,-18.939941
1738,2023-10-18,18.629,-18.706547
1739,2023-10-19,16.625,-27.348877
1740,2023-10-20,19.301,-14.276243
1741,2023-10-21,18.512,-5.2476807
1742,2023-10-22,16.244,-9.407621
1743,2023-10-23,16.245,-25.455566
1744,2023-10-24,13.578,-28.986612
1745,2023-10-25,15.856,-30.860058
1746,2023-10-26,17.46,-31.422522
1747,2023-10-27,21.993,-15.05886
1748,2023-10-28,15.195000000000002,31.61012
1749,2023-10-29,22.802,3.1381912
1750,2023-10-30,17.385,-16.174078
1751,2023-10-31,15.897999999999998,-19.67257
1752,2023-11-01,13.022,-22.972757
1753,2023-11-02,14.995,-33.774345
1754,2023-11-03,10.647,-26.073648
1755,2023-11-04,20.309,23.283838
1756,2023-11-05,31.614,38.099262
1757,2023-11-06,37.4,70.07068
1758,2023-11-07,299.093,320.10507
1759,2023-11-08,237.94000000000003,355.2344
1760,2023-11-09,133.516,154.72084
1761,2023-11-10,105.306,86.504745
1762,2023-11-11,71.429,53.998234
1763,2023-11-12,58.355999999999995,-7.17531
1764,2023-11-13,45.968,-0.43246964
1765,2023-11-14,38.736,4.8984165
1766,2023-11-15,38.607,-39.601704
1767,2023-11-16,33.881,-33.318924
1768,2023-11-17,35.525,24.687517
1769,2023-11-18,30.068,24.501022
1770,2023-11-19,26.588,13.146018
1771,2023-11-20,27.612,-18.449757
1772,2023-11-21,27.66,-26.668337
1773,2023-11-22,29.922,-29.90463
1774,2023-11-23,11.815,-31.93875
1775,2023-11-24,17.438,-28.516844
1776,2023-11-25,22.489,-30.14906
1777,2023-11-26,17.446,-32.74829
1778,2023-11-27,15.477999999999998,-30.182718
1779,2023-11-28,23.829,-5.6283956
1780,2023-11-29,15.318000000000001,-0.50993675
1781,2023-11-30,16.306,-15.998066
1782,2023-12-01,15.08,-23.062914
1783,2023-12-02,8.564,-27.975014
1784,2023-12-03,6.204,-32.476383
1785,2023-12-04,21.187,-32.058483
1786,2023-12-05,17.344,-30.82287
1787,2023-12-06,12.861,-34.890556
1788,2023-12-07,12.669,4.8936715
1789,2023-12-08,19.852,25.771946
1790,2023-12-09,17.634,-8.599956
1791,2023-12-10,17.285,-15.5469475
1792,2023-12-11,18.917,-19.35983
1793,2023-12-12,32.516,50.531082
1794,2023-12-13,68.235,156.32288
1795,2023-12-14,46.478,36.55908
1796,2023-12-15,51.88,44.617977
1797,2023-12-16,120.28099999999999,198.15442
1798,2023-12-17,124.91300000000001,232.4207
1799,2023-12-18,77.731,119.610794
1800,2023-12-19,58.54399999999999,54.374092
1801,2023-12-20,50.379,36.599247
1802,2023-12-21,42.639,19.231491
1803,2023-12-22,30.32,16.571566
1804,2023-12-23,28.858,23.782299
1805,2023-12-24,24.006,-6.777491
1806,2023-12-25,24.665,3.0736353
1807,2023-12-26,25.785,12.590616
1808,2023-12-27,30.518000000000004,-2.9976027
1809,2023-12-28,25.873,1.0387437
1810,2023-12-29,21.186,-9.30654
1811,2023-12-30,20.887,-33.08862
1812,2023-12-31,29.183,1.5821172
